"","colour","linetype","x","y","ymin","ymax","se","flipped_aes","PANEL","group","fill","linewidth","weight","alpha"
"1","#000000","dotted",14,0.0137657406982203,0.00523290912321336,0.0222985722732273,0.00341318439969739,FALSE,"1",1,"grey60",1.5,1,0
"2","#000000","dotted",17.620253164557,0.0342444831173502,0.02667283284771,0.0418161333869904,0.00302870604595045,FALSE,"1",1,"grey60",1.5,1,0
"3","#000000","dotted",21.2405063291139,0.0541710589647629,0.0474069129965338,0.060935204932992,0.00270569942616226,FALSE,"1",1,"grey60",1.5,1,0
"4","#000000","dotted",24.8607594936709,0.0735403790051547,0.0674164996567847,0.0796642583535247,0.00244958889364559,FALSE,"1",1,"grey60",1.5,1,0
"5","#000000","dotted",28.4810126582278,0.0923473540032218,0.0866903628448503,0.0980043451615933,0.00226283078498053,FALSE,"1",1,"grey60",1.5,1,0
"6","#000000","dotted",32.1012658227848,0.110585407929909,0.105228799896063,0.115942015963756,0.00214267571271081,FALSE,"1",1,"grey60",1.5,1,0
"7","#000000","dotted",35.7215189873418,0.128249357499985,0.123048741081755,0.133449973918215,0.00208027812004453,FALSE,"1",1,"grey60",1.5,1,0
"8","#000000","dotted",39.3417721518987,0.145348419981757,0.140187122487231,0.150509717476283,0.00206455031201052,FALSE,"1",1,"grey60",1.5,1,0
"9","#000000","dotted",42.9620253164557,0.161893045546852,0.156682785468241,0.167103305625464,0.00208413564270653,FALSE,"1",1,"grey60",1.5,1,0
"10","#000000","dotted",46.5822784810127,0.177893684366901,0.172572128275232,0.18321524045857,0.00212865472317546,FALSE,"1",1,"grey60",1.5,1,0
"11","#000000","dotted",50.2025316455696,0.193360664110877,0.187887091782722,0.198834236439032,0.00218946214007017,FALSE,"1",1,"grey60",1.5,1,0
"12","#000000","dotted",53.8227848101266,0.208263026473563,0.202639983475426,0.213886069471701,0.00224925131491943,FALSE,"1",1,"grey60",1.5,1,0
"13","#000000","dotted",57.4430379746835,0.222584893543355,0.216839410373311,0.228330376713398,0.00229822812654077,FALSE,"1",1,"grey60",1.5,1,0
"14","#000000","dotted",61.0632911392405,0.236346764660069,0.230498987816734,0.242194541503404,0.00233914621648515,FALSE,"1",1,"grey60",1.5,1,0
"15","#000000","dotted",64.6835443037975,0.249569139163524,0.243632251423187,0.255506026903862,0.00237479111593253,FALSE,"1",1,"grey60",1.5,1,0
"16","#000000","dotted",68.3037974683544,0.262272516393539,0.256256537449554,0.268288495337525,0.00240642807724731,FALSE,"1",1,"grey60",1.5,1,0
"17","#000000","dotted",71.9240506329114,0.27443193900605,0.268363270367059,0.280500607645041,0.00242750427492423,FALSE,"1",1,"grey60",1.5,1,0
"18","#000000","dotted",75.5443037974684,0.285848631698205,0.279815276249223,0.291881987147187,0.00241337878467116,FALSE,"1",1,"grey60",1.5,1,0
"19","#000000","dotted",79.1645569620253,0.296561505861621,0.29059961055315,0.302523401170092,0.00238479429490979,FALSE,"1",1,"grey60",1.5,1,0
"20","#000000","dotted",82.7848101265823,0.30664684183597,0.300727553221806,0.312566130450135,0.00236775135868736,FALSE,"1",1,"grey60",1.5,1,0
"21","#000000","dotted",86.4050632911392,0.316180919960922,0.310232407354573,0.322129432567272,0.00237944113286681,FALSE,"1",1,"grey60",1.5,1,0
"22","#000000","dotted",90.0253164556962,0.325240020576149,0.319184870957017,0.331295170195281,0.00242209658495898,FALSE,"1",1,"grey60",1.5,1,0
"23","#000000","dotted",93.6455696202532,0.333900424021321,0.327695055010422,0.34010579303222,0.00248218525306465,FALSE,"1",1,"grey60",1.5,1,0
"24","#000000","dotted",97.2658227848101,0.34223841063611,0.33590037326963,0.34857644800259,0.00253525340021163,FALSE,"1",1,"grey60",1.5,1,0
"25","#000000","dotted",100.886075949367,0.350311831848509,0.343927262120036,0.356696401576982,0.00255386662732603,FALSE,"1",1,"grey60",1.5,1,0
"26","#000000","dotted",104.506329113924,0.357793067154001,0.351446608334973,0.364139525973028,0.00253862203232431,FALSE,"1",1,"grey60",1.5,1,0
"27","#000000","dotted",108.126582278481,0.364644132405186,0.358341450782185,0.370946814028186,0.00252111088831228,FALSE,"1",1,"grey60",1.5,1,0
"28","#000000","dotted",111.746835443038,0.371008946935059,0.364703107157378,0.377314786712739,0.00252237416934512,FALSE,"1",1,"grey60",1.5,1,0
"29","#000000","dotted",115.367088607595,0.377031430076612,0.3706807215748,0.383382138578425,0.00254032193122173,FALSE,"1",1,"grey60",1.5,1,0
"30","#000000","dotted",118.987341772152,0.38285550116284,0.376479420837563,0.389231581488117,0.00255047081454139,FALSE,"1",1,"grey60",1.5,1,0
"31","#000000","dotted",122.607594936709,0.388440913817138,0.382130802122687,0.39475102551159,0.00252408296197181,FALSE,"1",1,"grey60",1.5,1,0
"32","#000000","dotted",126.227848101266,0.393411656411724,0.387232341155669,0.399590971667779,0.00247176359305577,FALSE,"1",1,"grey60",1.5,1,0
"33","#000000","dotted",129.848101265823,0.397840035658904,0.391787739493182,0.403892331824626,0.00242095518628262,FALSE,"1",1,"grey60",1.5,1,0
"34","#000000","dotted",133.46835443038,0.401825554065254,0.395840167796933,0.407810940333576,0.00239419082137233,FALSE,"1",1,"grey60",1.5,1,0
"35","#000000","dotted",137.088607594937,0.405467714137353,0.399463929091678,0.411471499183028,0.00240155044394131,FALSE,"1",1,"grey60",1.5,1,0
"36","#000000","dotted",140.708860759494,0.408866018381776,0.402774231307922,0.41495780545563,0.00243675178913147,FALSE,"1",1,"grey60",1.5,1,0
"37","#000000","dotted",144.329113924051,0.412119969305101,0.405921524358382,0.418318414251821,0.00247941558538352,FALSE,"1",1,"grey60",1.5,1,0
"38","#000000","dotted",147.949367088608,0.415329069413906,0.409074127083693,0.42158401174412,0.00250201488155767,FALSE,"1",1,"grey60",1.5,1,0
"39","#000000","dotted",151.569620253165,0.418513525917477,0.412321326334701,0.424705725500253,0.00247691740191504,FALSE,"1",1,"grey60",1.5,1,0
"40","#000000","dotted",155.189873417722,0.421185434532306,0.415182802474257,0.427188066590355,0.00240108924189565,FALSE,"1",1,"grey60",1.5,1,0
"41","#000000","dotted",158.810126582278,0.423423949353845,0.417606154108803,0.429241744598886,0.00232715339526589,FALSE,"1",1,"grey60",1.5,1,0
"42","#000000","dotted",162.430379746835,0.425450063599901,0.419713326259453,0.431186800940348,0.00229472974164043,FALSE,"1",1,"grey60",1.5,1,0
"43","#000000","dotted",166.050632911392,0.42748477048828,0.421720779406021,0.43324876157054,0.00230563140371679,FALSE,"1",1,"grey60",1.5,1,0
"44","#000000","dotted",169.670886075949,0.429749063236792,0.423928194216623,0.435569932256962,0.00232838292396608,FALSE,"1",1,"grey60",1.5,1,0
"45","#000000","dotted",173.291139240506,0.432055956346121,0.426220380071914,0.437891532620329,0.00233426591481187,FALSE,"1",1,"grey60",1.5,1,0
"46","#000000","dotted",176.911392405063,0.433967676320637,0.428143147322257,0.439792205319017,0.00232984693745583,FALSE,"1",1,"grey60",1.5,1,0
"47","#000000","dotted",180.53164556962,0.435563835857038,0.429748427933112,0.441379243780964,0.00232619845233551,FALSE,"1",1,"grey60",1.5,1,0
"48","#000000","dotted",184.151898734177,0.436927938058874,0.431098916587053,0.442756959530695,0.00233164395408863,FALSE,"1",1,"grey60",1.5,1,0
"49","#000000","dotted",187.772151898734,0.438143486029693,0.432268987200135,0.444017984859251,0.00234983517309988,FALSE,"1",1,"grey60",1.5,1,0
"50","#000000","dotted",191.392405063291,0.439293982873044,0.433346731973881,0.445241233772206,0.00237893644233681,FALSE,"1",1,"grey60",1.5,1,0
"51","#000000","dotted",195.012658227848,0.440462931692474,0.434432518998851,0.446493344386097,0.00241220166467371,FALSE,"1",1,"grey60",1.5,1,0
"52","#000000","dotted",198.632911392405,0.441733835591533,0.43563462224076,0.447833048942307,0.00243972234495549,FALSE,"1",1,"grey60",1.5,1,0
"53","#000000","dotted",202.253164556962,0.44312047144445,0.436984353486765,0.449256589402135,0.00245448441162467,FALSE,"1",1,"grey60",1.5,1,0
"54","#000000","dotted",205.873417721519,0.444407411732449,0.438245023816891,0.450569799648007,0.0024649925541568,FALSE,"1",1,"grey60",1.5,1,0
"55","#000000","dotted",209.493670886076,0.445576133071973,0.439393926312958,0.451758339830987,0.00247292021178274,FALSE,"1",1,"grey60",1.5,1,0
"56","#000000","dotted",213.113924050633,0.446631921834825,0.440435233193244,0.452828610476407,0.00247871305267286,FALSE,"1",1,"grey60",1.5,1,0
"57","#000000","dotted",216.73417721519,0.447580064392814,0.441373501554215,0.453786627231413,0.00248266279138775,FALSE,"1",1,"grey60",1.5,1,0
"58","#000000","dotted",220.354430379747,0.448425847117745,0.442213691118753,0.454638003116738,0.00248490008947944,FALSE,"1",1,"grey60",1.5,1,0
"59","#000000","dotted",223.974683544304,0.449174556381425,0.442961133958745,0.455387978804106,0.00248540666663811,FALSE,"1",1,"grey60",1.5,1,0
"60","#000000","dotted",227.594936708861,0.44983147855566,0.443621455542277,0.456041501569044,0.00248404688229474,FALSE,"1",1,"grey60",1.5,1,0
"61","#000000","dotted",231.215189873418,0.450401900012256,0.444200446228557,0.456603353795955,0.00248061913843034,FALSE,"1",1,"grey60",1.5,1,0
"62","#000000","dotted",234.835443037975,0.45089110712302,0.444703881595962,0.457078332650078,0.00247492774944961,FALSE,"1",1,"grey60",1.5,1,0
"63","#000000","dotted",238.455696202532,0.451304386259758,0.44513728850231,0.457471484017205,0.00246687651948763,FALSE,"1",1,"grey60",1.5,1,0
"64","#000000","dotted",242.075949367089,0.451647023794275,0.445505651743275,0.457788395845276,0.00245658608082792,FALSE,"1",1,"grey60",1.5,1,0
"65","#000000","dotted",245.696202531646,0.45192430609838,0.445813054489339,0.45803555770742,0.00244453772129983,FALSE,"1",1,"grey60",1.5,1,0
"66","#000000","dotted",249.316455696203,0.452141519543877,0.446062246348429,0.458220792739325,0.0024317461618459,FALSE,"1",1,"grey60",1.5,1,0
"67","#000000","dotted",252.936708860759,0.452290898067803,0.446237104934919,0.458344691200687,0.00242155398222993,FALSE,"1",1,"grey60",1.5,1,0
"68","#000000","dotted",256.556962025316,0.452349522526957,0.446301031243911,0.458398013810004,0.0024194332101281,FALSE,"1",1,"grey60",1.5,1,0
"69","#000000","dotted",260.177215189873,0.452317801850361,0.446248092642097,0.458387511058625,0.0024279205089467,FALSE,"1",1,"grey60",1.5,1,0
"70","#000000","dotted",263.79746835443,0.452196827176809,0.446073029477212,0.458320624876405,0.0024495562336408,FALSE,"1",1,"grey60",1.5,1,0
"71","#000000","dotted",267.417721518987,0.451987689645096,0.44577062555634,0.458204753733853,0.00248686335516303,FALSE,"1",1,"grey60",1.5,1,0
"72","#000000","dotted",271.037974683544,0.451691480394019,0.445336024946218,0.458046935841819,0.00254222073841719,FALSE,"1",1,"grey60",1.5,1,0
"73","#000000","dotted",274.658227848101,0.451309290562372,0.44476504684137,0.457853534283374,0.00261773719309841,FALSE,"1",1,"grey60",1.5,1,0
"74","#000000","dotted",278.278481012658,0.450842211288951,0.444054442444647,0.457629980133256,0.00271514871991513,FALSE,"1",1,"grey60",1.5,1,0
"75","#000000","dotted",281.898734177215,0.450291333712553,0.443202045930187,0.457380621494918,0.00283575812449052,FALSE,"1",1,"grey60",1.5,1,0
"76","#000000","dotted",285.518987341772,0.449657748971971,0.442206796789635,0.457108701154307,0.00298042607873907,FALSE,"1",1,"grey60",1.5,1,0
"77","#000000","dotted",289.139240506329,0.448942548206002,0.441068643036296,0.456816453375708,0.00314960983979272,FALSE,"1",1,"grey60",1.5,1,0
"78","#000000","dotted",292.759493670886,0.448146822553441,0.439788360291257,0.456505284815626,0.00334343561664932,FALSE,"1",1,"grey60",1.5,1,0
"79","#000000","dotted",296.379746835443,0.447271663153084,0.438367332089306,0.456175994216863,0.00356178644913708,FALSE,"1",1,"grey60",1.5,1,0
"80","#000000","dotted",300,0.446318161143727,0.436807332010089,0.455828990277364,0.0038043893567761,FALSE,"1",1,"grey60",1.5,1,0
"81","#666666","dotted",14,0.0123167705137013,0.00567036977615879,0.0189631712512438,0.00265860061951343,FALSE,"1",2,"grey60",1.5,1,0
"82","#666666","dotted",17.620253164557,0.0139871336548814,0.0080894171121159,0.019884850197647,0.00235912239924741,FALSE,"1",2,"grey60",1.5,1,0
"83","#666666","dotted",21.2405063291139,0.0156440622431666,0.0103753276669721,0.020912796819361,0.00210752579651128,FALSE,"1",2,"grey60",1.5,1,0
"84","#666666","dotted",24.8607594936709,0.0172819633867724,0.0125119458539238,0.0220519809196211,0.00190803595339788,FALSE,"1",2,"grey60",1.5,1,0
"85","#666666","dotted",28.4810126582278,0.0188952441939148,0.0144888956240684,0.0233015927637612,0.00176256616177452,FALSE,"1",2,"grey60",1.5,1,0
"86","#666666","dotted",32.1012658227848,0.0204766748615504,0.0163043009814464,0.0246490487416543,0.00166897486632553,FALSE,"1",2,"grey60",1.5,1,0
"87","#666666","dotted",35.7215189873418,0.0220206303356301,0.0179697615831,0.0260714990881603,0.0016203720781101,FALSE,"1",2,"grey60",1.5,1,0
"88","#666666","dotted",39.3417721518987,0.0235374351619428,0.019517192740333,0.0275576775835527,0.00160812135992841,FALSE,"1",2,"grey60",1.5,1,0
"89","#666666","dotted",42.9620253164557,0.0250387763038295,0.0209803959028024,0.0290971567048566,0.00162337678308293,FALSE,"1",2,"grey60",1.5,1,0
"90","#666666","dotted",46.5822784810127,0.026536340724631,0.0223912695344131,0.0306814119148489,0.00165805362472248,FALSE,"1",2,"grey60",1.5,1,0
"91","#666666","dotted",50.2025316455696,0.0280416759813433,0.02377819616939,0.0323051557932966,0.00170541779181572,FALSE,"1",2,"grey60",1.5,1,0
"92","#666666","dotted",53.8227848101266,0.0295194172560706,0.0251395116172998,0.0338993228948413,0.0017519888289119,FALSE,"1",2,"grey60",1.5,1,0
"93","#666666","dotted",57.4430379746835,0.0309516135223375,0.0264763366762826,0.0354268903683924,0.00179013789045391,FALSE,"1",2,"grey60",1.5,1,0
"94","#666666","dotted",61.0632911392405,0.0323617669178554,0.0278068113930836,0.0369167224426273,0.00182200984536062,FALSE,"1",2,"grey60",1.5,1,0
"95","#666666","dotted",64.6835443037975,0.033773379580336,0.029149013716645,0.0383977454440271,0.001849774402049,FALSE,"1",2,"grey60",1.5,1,0
"96","#666666","dotted",68.3037974683544,0.0352099536474907,0.0305239819933142,0.0398959253016673,0.00187441709201279,FALSE,"1",2,"grey60",1.5,1,0
"97","#666666","dotted",71.9240506329114,0.0366597301919314,0.0319327174337943,0.0413867429500685,0.00189083378259822,FALSE,"1",2,"grey60",1.5,1,0
"98","#666666","dotted",75.5443037974684,0.0379706741874683,0.03327116761061,0.0426701807643265,0.00187983114320345,FALSE,"1",2,"grey60",1.5,1,0
"99","#666666","dotted",79.1645569620253,0.0391671520649581,0.0345233072841192,0.0438109968457971,0.00185756608708905,FALSE,"1",2,"grey60",1.5,1,0
"100","#666666","dotted",82.7848101265823,0.0403020080378628,0.0356913505011378,0.0449126655745878,0.00184429098809255,FALSE,"1",2,"grey60",1.5,1,0
"101","#666666","dotted",86.4050632911392,0.0414280863196441,0.0367946656050097,0.0460615070342786,0.00185339639736321,FALSE,"1",2,"grey60",1.5,1,0
"102","#666666","dotted",90.0253164556962,0.042598231123764,0.0378817486125648,0.0473147136349631,0.00188662161993481,FALSE,"1",2,"grey60",1.5,1,0
"103","#666666","dotted",93.6455696202532,0.0438652866636841,0.0390317951306311,0.0486987781967372,0.00193342593858388,FALSE,"1",2,"grey60",1.5,1,0
"104","#666666","dotted",97.2658227848101,0.0452820971528665,0.0403452674666305,0.0502189268391025,0.00197476182682182,FALSE,"1",2,"grey60",1.5,1,0
"105","#666666","dotted",100.886075949367,0.0468981894282096,0.0419251147133041,0.0518712641431151,0.00198926005819247,FALSE,"1",2,"grey60",1.5,1,0
"106","#666666","dotted",104.506329113924,0.0486692518386037,0.0437258625070815,0.0536126411701258,0.00197738572473443,FALSE,"1",2,"grey60",1.5,1,0
"107","#666666","dotted",108.126582278481,0.0505418802070396,0.0456325898478692,0.05545117056621,0.00196374592891123,FALSE,"1",2,"grey60",1.5,1,0
"108","#666666","dotted",111.746835443038,0.0524864138010201,0.0475746634892058,0.0573981641128345,0.00196472992489364,FALSE,"1",2,"grey60",1.5,1,0
"109","#666666","dotted",115.367088607595,0.054473191888048,0.049526492389842,0.0594198913862539,0.00197870981149112,FALSE,"1",2,"grey60",1.5,1,0
"110","#666666","dotted",118.987341772152,0.0564725537356259,0.0515060915941865,0.0614390158770653,0.00198661498868677,FALSE,"1",2,"grey60",1.5,1,0
"111","#666666","dotted",122.607594936709,0.0585085526962986,0.0535934748992844,0.0634236304933128,0.00196606093916183,FALSE,"1",2,"grey60",1.5,1,0
"112","#666666","dotted",126.227848101266,0.0606918529204159,0.0558786552011912,0.0655050506396405,0.00192530828992757,FALSE,"1",2,"grey60",1.5,1,0
"113","#666666","dotted",129.848101265823,0.0629910306016404,0.0582767707049021,0.0677052904983787,0.0018857325606656,FALSE,"1",2,"grey60",1.5,1,0
"114","#666666","dotted",133.46835443038,0.0653664306937709,0.060704288313653,0.0700285730738888,0.00186488523781433,FALSE,"1",2,"grey60",1.5,1,0
"115","#666666","dotted",137.088607594937,0.067778398150606,0.0631019245785153,0.0724548717226967,0.00187061780155247,FALSE,"1",2,"grey60",1.5,1,0
"116","#666666","dotted",140.708860759494,0.0701872779259444,0.0654422577360222,0.0749322981158665,0.00189803686456546,FALSE,"1",2,"grey60",1.5,1,0
"117","#666666","dotted",144.329113924051,0.0725534149735848,0.0677253167387433,0.0773815132084262,0.00193126858657748,FALSE,"1",2,"grey60",1.5,1,0
"118","#666666","dotted",147.949367088608,0.0748371542473258,0.0699650490204293,0.0797092594742223,0.0019488716503951,FALSE,"1",2,"grey60",1.5,1,0
"119","#666666","dotted",151.569620253165,0.0770197250537948,0.0721964914633742,0.0818429586442154,0.00192932269929476,FALSE,"1",2,"grey60",1.5,1,0
"120","#666666","dotted",155.189873417722,0.0792296207326988,0.0745540452467522,0.0839051962186455,0.00187025856164606,FALSE,"1",2,"grey60",1.5,1,0
"121","#666666","dotted",158.810126582278,0.0814696872237111,0.0769380849920704,0.0860012894553518,0.00181266838642097,FALSE,"1",2,"grey60",1.5,1,0
"122","#666666","dotted",162.430379746835,0.0837075120135827,0.0792390474768727,0.0881759765502927,0.00178741292538488,FALSE,"1",2,"grey60",1.5,1,0
"123","#666666","dotted",166.050632911392,0.0859106825890646,0.0814209895436133,0.090400375634516,0.00179590445767728,FALSE,"1",2,"grey60",1.5,1,0
"124","#666666","dotted",169.670886075949,0.0880467864369081,0.0835127899776187,0.0925807828961974,0.0018136260920065,FALSE,"1",2,"grey60",1.5,1,0
"125","#666666","dotted",173.291139240506,0.0901440656340365,0.0855986133873892,0.0946895178806838,0.00181820847645329,FALSE,"1",2,"grey60",1.5,1,0
"126","#666666","dotted",176.911392405063,0.0922677606767025,0.0877309133839396,0.0968046079694654,0.00181476644269226,FALSE,"1",2,"grey60",1.5,1,0
"127","#666666","dotted",180.53164556962,0.0944060072689526,0.0898762645715924,0.0989357499663128,0.00181192456142677,FALSE,"1",2,"grey60",1.5,1,0
"128","#666666","dotted",184.151898734177,0.0965463620746855,0.0920060155005259,0.101086708648845,0.00181616617648152,FALSE,"1",2,"grey60",1.5,1,0
"129","#666666","dotted",187.772151898734,0.0986763817577999,0.0941006119198213,0.103252151595779,0.00183033569692621,FALSE,"1",2,"grey60",1.5,1,0
"130","#666666","dotted",191.392405063291,0.100783622982194,0.0961511850376414,0.105416060926747,0.001853003283368,FALSE,"1",2,"grey60",1.5,1,0
"131","#666666","dotted",195.012658227848,0.102855642411767,0.0981584280085226,0.107552856815012,0.00187891425985113,FALSE,"1",2,"grey60",1.5,1,0
"132","#666666","dotted",198.632911392405,0.104879996710418,0.100129192038291,0.109630801382544,0.00190035069254228,FALSE,"1",2,"grey60",1.5,1,0
"133","#666666","dotted",202.253164556962,0.106853983398194,0.102074432956924,0.111633533839463,0.00191184917460362,FALSE,"1",2,"grey60",1.5,1,0
"134","#666666","dotted",205.873417721519,0.108807548871736,0.104007536211583,0.113607561531889,0.00192003418630364,FALSE,"1",2,"grey60",1.5,1,0
"135","#666666","dotted",209.493670886076,0.110743902103782,0.105928452132507,0.115559352075056,0.00192620920441209,FALSE,"1",2,"grey60",1.5,1,0
"136","#666666","dotted",213.113924050633,0.112662959869598,0.107836229657511,0.117489690081684,0.00193072136917547,FALSE,"1",2,"grey60",1.5,1,0
"137","#666666","dotted",216.73417721519,0.114564638944451,0.109730217514067,0.119399060374835,0.001933797903158,FALSE,"1",2,"grey60",1.5,1,0
"138","#666666","dotted",220.354430379747,0.11644885610361,0.111610078043773,0.121287634163448,0.00193554058137168,FALSE,"1",2,"grey60",1.5,1,0
"139","#666666","dotted",223.974683544304,0.118315528122342,0.113475763618642,0.123155292626041,0.00193593516490135,FALSE,"1",2,"grey60",1.5,1,0
"140","#666666","dotted",227.594936708861,0.120164571775913,0.115327455143117,0.125001688408708,0.00193487600047472,FALSE,"1",2,"grey60",1.5,1,0
"141","#666666","dotted",231.215189873418,0.121995903839591,0.117165461958781,0.126826345720401,0.00193220605918405,FALSE,"1",2,"grey60",1.5,1,0
"142","#666666","dotted",234.835443037975,0.123809441088643,0.118990081894114,0.128628800283173,0.00192777291743191,FALSE,"1",2,"grey60",1.5,1,0
"143","#666666","dotted",238.455696202532,0.125605100298337,0.120801419043963,0.130408781552712,0.00192150164624989,FALSE,"1",2,"grey60",1.5,1,0
"144","#666666","dotted",242.075949367089,0.127382798243941,0.122599155279646,0.132166441208235,0.00191348620864323,FALSE,"1",2,"grey60",1.5,1,0
"145","#666666","dotted",245.696202531646,0.12914245170072,0.124382270177789,0.133902633223652,0.00190410148975481,FALSE,"1",2,"grey60",1.5,1,0
"146","#666666","dotted",249.316455696203,0.130883977443944,0.126148704575287,0.1356192503126,0.00189413787692107,FALSE,"1",2,"grey60",1.5,1,0
"147","#666666","dotted",252.936708860759,0.132607549084747,0.127892123169019,0.137322975000475,0.00188619897533591,FALSE,"1",2,"grey60",1.5,1,0
"148","#666666","dotted",256.556962025316,0.134313624610669,0.129602328416518,0.13902492080482,0.00188454706164959,FALSE,"1",2,"grey60",1.5,1,0
"149","#666666","dotted",260.177215189873,0.136002191691,0.131274368411722,0.140730014970278,0.00189115799597213,FALSE,"1",2,"grey60",1.5,1,0
"150","#666666","dotted",263.79746835443,0.137673224421118,0.132903270486205,0.142443178356032,0.00190801051383799,FALSE,"1",2,"grey60",1.5,1,0
"151","#666666","dotted",267.417721518987,0.139326696896401,0.134484095822932,0.14416929796987,0.00193706981001901,FALSE,"1",2,"grey60",1.5,1,0
"152","#666666","dotted",271.037974683544,0.140962583212226,0.136012186218641,0.145912980205811,0.00198018883207572,FALSE,"1",2,"grey60",1.5,1,0
"153","#666666","dotted",274.658227848101,0.142580857463971,0.137483409341202,0.14767830558674,0.00203901017592598,FALSE,"1",2,"grey60",1.5,1,0
"154","#666666","dotted",278.278481012658,0.144181493747013,0.138894358819236,0.149468628674789,0.00211488604878115,FALSE,"1",2,"grey60",1.5,1,0
"155","#666666","dotted",281.898734177215,0.145764466156729,0.140242471830324,0.151286460483135,0.00220883123315258,FALSE,"1",2,"grey60",1.5,1,0
"156","#666666","dotted",285.518987341772,0.147329748788499,0.141526046506935,0.153133451070063,0.00232151612437119,FALSE,"1",2,"grey60",1.5,1,0
"157","#666666","dotted",289.139240506329,0.148877315737698,0.142744166540126,0.15501046493527,0.00245329688956768,FALSE,"1",2,"grey60",1.5,1,0
"158","#666666","dotted",292.759493670886,0.150407141099705,0.143896560261941,0.156917721937469,0.00260427183556658,FALSE,"1",2,"grey60",1.5,1,0
"159","#666666","dotted",296.379746835443,0.151919198969897,0.144983429521105,0.158854968418688,0.00277434985964717,FALSE,"1",2,"grey60",1.5,1,0
"160","#666666","dotted",300,0.153413463443651,0.146005279980426,0.160821646906876,0.00296331833161196,FALSE,"1",2,"grey60",1.5,1,0
"161","#9E9E9E","dotted",14,0.00034663843321101,NA,0.00123022672362455,0.000353440676999688,FALSE,"1",3,"grey60",1.5,1,0
"162","#9E9E9E","dotted",17.620253164557,0.000461671472913194,NA,0.00124572790934358,0.00031362733153494,FALSE,"1",3,"grey60",1.5,1,0
"163","#9E9E9E","dotted",21.2405063291139,0.000569740878478886,NA,0.00127017895927744,0.000280179481959792,FALSE,"1",3,"grey60",1.5,1,0
"164","#9E9E9E","dotted",24.8607594936709,0.000670617828180349,3.6480374914066e-05,0.00130475528144663,0.000253658828693163,FALSE,"1",3,"grey60",1.5,1,0
"165","#9E9E9E","dotted",28.4810126582278,0.000764073500289846,0.000178283062195336,0.00134986393838436,0.000234319729297416,FALSE,"1",3,"grey60",1.5,1,0
"166","#9E9E9E","dotted",32.1012658227848,0.000849795852388015,0.00029511056492666,0.00140448113984937,0.00022187748032554,FALSE,"1",3,"grey60",1.5,1,0
"167","#9E9E9E","dotted",35.7215189873418,0.00092751461894378,0.000388982511555204,0.00146604672633236,0.000215416110293182,FALSE,"1",3,"grey60",1.5,1,0
"168","#9E9E9E","dotted",39.3417721518987,0.00099771740000393,0.000463256829744717,0.00153217797026314,0.000213787470738941,FALSE,"1",3,"grey60",1.5,1,0
"169","#9E9E9E","dotted",42.9620253164557,0.00106095825518356,0.000521427531413624,0.0016004889789535,0.000215815562904449,FALSE,"1",3,"grey60",1.5,1,0
"170","#9E9E9E","dotted",46.5822784810127,0.00111779124409777,0.000566735641037447,0.00166884684715808,0.000220425584543403,FALSE,"1",3,"grey60",1.5,1,0
"171","#9E9E9E","dotted",50.2025316455696,0.00116875631613409,0.000601959189837222,0.00173555344243096,0.000226722289343699,FALSE,"1",3,"grey60",1.5,1,0
"172","#9E9E9E","dotted",53.8227848101266,0.00120985837884165,0.000627583326771135,0.00179213343091216,0.000232913553559557,FALSE,"1",3,"grey60",1.5,1,0
"173","#9E9E9E","dotted",57.4430379746835,0.00123962877489932,0.000644674848152635,0.001834582701646,0.00023798518035425,FALSE,"1",3,"grey60",1.5,1,0
"174","#9E9E9E","dotted",61.0632911392405,0.00126096505799692,0.000655418458570685,0.00186651165742315,0.000242222313693064,FALSE,"1",3,"grey60",1.5,1,0
"175","#9E9E9E","dotted",64.6835443037975,0.00127676478182429,0.000661990607184876,0.00189153895646371,0.000245913399763123,FALSE,"1",3,"grey60",1.5,1,0
"176","#9E9E9E","dotted",68.3037974683544,0.00128992550007127,0.000666961305412868,0.00191288969472966,0.000249189457460533,FALSE,"1",3,"grey60",1.5,1,0
"177","#9E9E9E","dotted",71.9240506329114,0.00130054114781676,0.000672120851379798,0.00192896144425373,0.000251371931274772,FALSE,"1",3,"grey60",1.5,1,0
"178","#9E9E9E","dotted",75.5443037974684,0.00129693868802951,0.000672175128622359,0.00192170224743666,0.000249909214276992,FALSE,"1",3,"grey60",1.5,1,0
"179","#9E9E9E","dotted",79.1645569620253,0.00128057217496937,0.000663208426847788,0.00189793592309096,0.000246949244867239,FALSE,"1",3,"grey60",1.5,1,0
"180","#9E9E9E","dotted",82.7848101265823,0.00125510251188349,0.000642150754769994,0.00186805426899699,0.000245184421695935,FALSE,"1",3,"grey60",1.5,1,0
"181","#9E9E9E","dotted",86.4050632911392,0.00122419060201901,0.000608212654001951,0.00184016855003608,0.000246394916417617,FALSE,"1",3,"grey60",1.5,1,0
"182","#9E9E9E","dotted",90.0253164556962,0.00119149734862307,0.000564476968209365,0.00181851772903678,0.000250811956372013,FALSE,"1",3,"grey60",1.5,1,0
"183","#9E9E9E","dotted",93.6455696202532,0.00116068365494281,0.000518107817423001,0.00180325949246262,0.000257034233591246,FALSE,"1",3,"grey60",1.5,1,0
"184","#9E9E9E","dotted",97.2658227848101,0.00113541042422538,0.000479096567330706,0.00179172428112004,0.000262529524691372,FALSE,"1",3,"grey60",1.5,1,0
"185","#9E9E9E","dotted",100.886075949367,0.0011187167411913,0.000457584384151554,0.00177984909823104,0.000264456953983808,FALSE,"1",3,"grey60",1.5,1,0
"186","#9E9E9E","dotted",104.506329113924,0.00109988801596949,0.000442702104260048,0.00175707392767894,0.000262878351908142,FALSE,"1",3,"grey60",1.5,1,0
"187","#9E9E9E","dotted",108.126582278481,0.00107611099215824,0.000423458278772963,0.00172876370554352,0.000261065045075027,FALSE,"1",3,"grey60",1.5,1,0
"188","#9E9E9E","dotted",111.746835443038,0.00105043500141708,0.000397455256088192,0.00170341474674597,0.000261195859836611,FALSE,"1",3,"grey60",1.5,1,0
"189","#9E9E9E","dotted",115.367088607595,0.00102590937540553,0.000368283402279898,0.00168353534853117,0.000263054379144522,FALSE,"1",3,"grey60",1.5,1,0
"190","#9E9E9E","dotted",118.987341772152,0.00100558344578315,0.00034533017995606,0.00166583671161023,0.000264105312165196,FALSE,"1",3,"grey60",1.5,1,0
"191","#9E9E9E","dotted",122.607594936709,0.000987562956257814,0.000334140847148104,0.00164098506536752,0.000261372808032813,FALSE,"1",3,"grey60",1.5,1,0
"192","#9E9E9E","dotted",126.227848101266,0.000961677214460998,0.000321799284722358,0.00160155514419964,0.000255955054110253,FALSE,"1",3,"grey60",1.5,1,0
"193","#9E9E9E","dotted",129.848101265823,0.000930527120808018,0.000303802220036493,0.00155725202157954,0.00025069376272243,FALSE,"1",3,"grey60",1.5,1,0
"194","#9E9E9E","dotted",133.46835443038,0.00089746307068225,0.000277666796280045,0.00151725934508445,0.00024792227013791,FALSE,"1",3,"grey60",1.5,1,0
"195","#9E9E9E","dotted",137.088607594937,0.000865835459467072,0.000244133962386481,0.00148753695654766,0.000248684370768475,FALSE,"1",3,"grey60",1.5,1,0
"196","#9E9E9E","dotted",140.708860759494,0.000838994682545861,0.000208180435383679,0.00146980892970804,0.00025232952608924,FALSE,"1",3,"grey60",1.5,1,0
"197","#9E9E9E","dotted",144.329113924051,0.000820291135301994,0.00017843229564834,0.00146214997495565,0.000256747430094672,FALSE,"1",3,"grey60",1.5,1,0
"198","#9E9E9E","dotted",147.949367088608,0.000813075213118847,0.000165365979483304,0.00146078444675439,0.000259087623182458,FALSE,"1",3,"grey60",1.5,1,0
"199","#9E9E9E","dotted",151.569620253165,0.000820843463110744,0.000179631340833465,0.00146205558538802,0.000256488739220412,FALSE,"1",3,"grey60",1.5,1,0
"200","#9E9E9E","dotted",155.189873417722,0.000844556207329874,0.000222974103953032,0.00146613831070672,0.0002486366125626,FALSE,"1",3,"grey60",1.5,1,0
"201","#9E9E9E","dotted",158.810126582278,0.000878004679110769,0.000275562721906415,0.00148044663631512,0.000240980437968082,FALSE,"1",3,"grey60",1.5,1,0
"202","#9E9E9E","dotted",162.430379746835,0.000914176514345068,0.000320128232172872,0.00150822479651726,0.000237622917029804,FALSE,"1",3,"grey60",1.5,1,0
"203","#9E9E9E","dotted",166.050632911392,0.000946059348924414,0.000349188898410661,0.00154292979943817,0.000238751801488854,FALSE,"1",3,"grey60",1.5,1,0
"204","#9E9E9E","dotted",169.670886075949,0.000966640818740446,0.000363880567229371,0.00156940107025152,0.0002411077576219,FALSE,"1",3,"grey60",1.5,1,0
"205","#9E9E9E","dotted",173.291139240506,0.000976736851526032,0.000372453640451328,0.00158102006260074,0.000241716950687326,FALSE,"1",3,"grey60",1.5,1,0
"206","#9E9E9E","dotted",176.911392405063,0.000985311271231642,0.000382172023151656,0.00158845051931163,0.000241259358548881,FALSE,"1",3,"grey60",1.5,1,0
"207","#9E9E9E","dotted",180.53164556962,0.000993548511424603,0.000391353765121417,0.00159574325772779,0.000240881552107757,FALSE,"1",3,"grey60",1.5,1,0
"208","#9E9E9E","dotted",184.151898734177,0.00100256592070522,0.000398961469850208,0.00160617037156023,0.000241445442481332,FALSE,"1",3,"grey60",1.5,1,0
"209","#9E9E9E","dotted",187.772151898734,0.0010134808476738,0.000405167144043544,0.00162179455130406,0.000243329172163021,FALSE,"1",3,"grey60",1.5,1,0
"210","#9E9E9E","dotted",191.392405063291,0.00102741064093065,0.000411563344700997,0.00164325793716029,0.000246342654909971,FALSE,"1",3,"grey60",1.5,1,0
"211","#9E9E9E","dotted",195.012658227848,0.00104547264907606,0.000421013816669962,0.00166993148148216,0.000249787321627756,FALSE,"1",3,"grey60",1.5,1,0
"212","#9E9E9E","dotted",198.632911392405,0.00106878422071035,0.000437200970753489,0.00170036747066721,0.000252637131872742,FALSE,"1",3,"grey60",1.5,1,0
"213","#9E9E9E","dotted",202.253164556962,0.00109753241070157,0.000462127629961802,0.00173293719144135,0.000254165767371584,FALSE,"1",3,"grey60",1.5,1,0
"214","#9E9E9E","dotted",205.873417721519,0.00112888643610215,0.000490761359413464,0.00176701151279083,0.000255253902255505,FALSE,"1",3,"grey60",1.5,1,0
"215","#9E9E9E","dotted",209.493670886076,0.00116269192111311,0.000522514571640888,0.00180286927058533,0.0002560748238203,FALSE,"1",3,"grey60",1.5,1,0
"216","#9E9E9E","dotted",213.113924050633,0.00119911434129492,0.000557437369833572,0.00184079131275627,0.000256674681714335,FALSE,"1",3,"grey60",1.5,1,0
"217","#9E9E9E","dotted",216.73417721519,0.00123831917220806,0.000595619711929826,0.0018810186324863,0.000257083683444651,FALSE,"1",3,"grey60",1.5,1,0
"218","#9E9E9E","dotted",220.354430379747,0.00128047188941301,0.000637193248473986,0.00192375053035203,0.00025731535922292,FALSE,"1",3,"grey60",1.5,1,0
"219","#9E9E9E","dotted",223.974683544304,0.00132573796847022,0.000682328187342693,0.00196914774959775,0.000257367816093966,FALSE,"1",3,"grey60",1.5,1,0
"220","#9E9E9E","dotted",227.594936708861,0.00137428288494018,0.000731225118055828,0.00201734065182452,0.000257227008260983,FALSE,"1",3,"grey60",1.5,1,0
"221","#9E9E9E","dotted",231.215189873418,0.00142627211438335,0.000784101704871602,0.0020684425238951,0.000256872059928241,FALSE,"1",3,"grey60",1.5,1,0
"222","#9E9E9E","dotted",234.835443037975,0.00148187113236021,0.000841174081469229,0.00212256818325119,0.000256282707540894,FALSE,"1",3,"grey60",1.5,1,0
"223","#9E9E9E","dotted",238.455696202532,0.00154124541443123,0.000902632626118755,0.0021798582027437,0.000255448989864025,FALSE,"1",3,"grey60",1.5,1,0
"224","#9E9E9E","dotted",242.075949367089,0.00160456043615688,0.000968611585691933,0.00224050928662183,0.000254383398562589,FALSE,"1",3,"grey60",1.5,1,0
"225","#9E9E9E","dotted",245.696202531646,0.00167198167309764,0.00103915184233718,0.00230481150385809,0.000253135771757333,FALSE,"1",3,"grey60",1.5,1,0
"226","#9E9E9E","dotted",249.316455696203,0.00174367460081397,0.00111415618567776,0.00237319301595017,0.000251811185416882,FALSE,"1",3,"grey60",1.5,1,0
"227","#9E9E9E","dotted",252.936708860759,0.00181932629023588,0.0011924463761321,0.00244620620433966,0.000250755768995816,FALSE,"1",3,"grey60",1.5,1,0
"228","#9E9E9E","dotted",256.556962025316,0.0018980979859439,0.00127176708682917,0.00252442888505863,0.000250536159669258,FALSE,"1",3,"grey60",1.5,1,0
"229","#9E9E9E","dotted",260.177215189873,0.00198003016042099,0.00135150211137963,0.00260855820946235,0.000251415032970276,FALSE,"1",3,"grey60",1.5,1,0
"230","#9E9E9E","dotted",263.79746835443,0.00206518861223276,0.00143105961382693,0.0026993176106386,0.000253655446697686,FALSE,"1",3,"grey60",1.5,1,0
"231","#9E9E9E","dotted",267.417721518987,0.00215363913994485,0.00150985225849906,0.00279742602139063,0.000257518658509182,FALSE,"1",3,"grey60",1.5,1,0
"232","#9E9E9E","dotted",271.037974683544,0.00224544754212286,0.00158733001518495,0.00290356506906077,0.000263251003651746,FALSE,"1",3,"grey60",1.5,1,0
"233","#9E9E9E","dotted",274.658227848101,0.00234067961733244,0.00166301276422985,0.00301834647043502,0.000271070852725682,FALSE,"1",3,"grey60",1.5,1,0
"234","#9E9E9E","dotted",278.278481012658,0.00243940116413919,0.00173651689692496,0.00314228543135341,0.000281157971367361,FALSE,"1",3,"grey60",1.5,1,0
"235","#9E9E9E","dotted",281.898734177215,0.00254167798110874,0.00180757094796191,0.00327578501425557,0.000293647267172602,FALSE,"1",3,"grey60",1.5,1,0
"236","#9E9E9E","dotted",285.518987341772,0.00264757586680672,0.00187601790941934,0.0034191338241941,0.000308627864087993,FALSE,"1",3,"grey60",1.5,1,0
"237","#9E9E9E","dotted",289.139240506329,0.00275716061979875,0.00194180520739887,0.00357251603219864,0.000326147111817315,FALSE,"1",3,"grey60",1.5,1,0
"238","#9E9E9E","dotted",292.759493670886,0.00287049803865046,0.00200496596810518,0.00373603010919573,0.000346218079503169,FALSE,"1",3,"grey60",1.5,1,0
"239","#9E9E9E","dotted",296.379746835443,0.00298765392192745,0.0020655962681745,0.0039097115756804,0.000368828655733613,FALSE,"1",3,"grey60",1.5,1,0
"240","#9E9E9E","dotted",300,0.00310869406819537,0.0021238325740085,0.00409355556238223,0.000393950572945479,FALSE,"1",3,"grey60",1.5,1,0
"241","#CCCCCC","dotted",14,0.0119272717094998,0.005468395616712,0.0183861478022876,0.00258358962387743,FALSE,"1",4,"grey60",1.5,1,0
"242","#CCCCCC","dotted",17.620253164557,0.0143746778761409,0.00864336225369593,0.020105993498586,0.00229256102154521,FALSE,"1",4,"grey60",1.5,1,0
"243","#CCCCCC","dotted",21.2405063291139,0.0168027216537257,0.0116826416078136,0.0219228016996378,0.00204806308249378,FALSE,"1",4,"grey60",1.5,1,0
"244","#CCCCCC","dotted",24.8607594936709,0.0192080850752294,0.0145726510378159,0.0238435191126429,0.0018542017386899,FALSE,"1",4,"grey60",1.5,1,0
"245","#CCCCCC","dotted",28.4810126582278,0.0215874501736274,0.0173054243737817,0.0258694759734731,0.00171283629949335,FALSE,"1",4,"grey60",1.5,1,0
"246","#CCCCCC","dotted",32.1012658227848,0.0239366673385647,0.0198820147576342,0.0279913199194953,0.00162188563242719,FALSE,"1",4,"grey60",1.5,1,0
"247","#CCCCCC","dotted",35.7215189873418,0.0262525814068194,0.0223160057512245,0.0301891570624144,0.00157465414590633,FALSE,"1",4,"grey60",1.5,1,0
"248","#CCCCCC","dotted",39.3417721518987,0.0285403790787593,0.0246335656485255,0.0324471925089931,0.00156274907519095,FALSE,"1",4,"grey60",1.5,1,0
"249","#CCCCCC","dotted",42.9620253164557,0.0308059518664289,0.0268620764994849,0.0347498272333729,0.00157757407473417,FALSE,"1",4,"grey60",1.5,1,0
"250","#CCCCCC","dotted",46.5822784810127,0.0330551912818731,0.0290270710600249,0.0370833115037213,0.0016112725278193,FALSE,"1",4,"grey60",1.5,1,0
"251","#CCCCCC","dotted",50.2025316455696,0.0352939531294306,0.0311507651218278,0.0394371411370334,0.00165730034025097,FALSE,"1",4,"grey60",1.5,1,0
"252","#CCCCCC","dotted",53.8227848101266,0.0375151179247092,0.0332587889827708,0.0417714468666476,0.00170255740042457,FALSE,"1",4,"grey60",1.5,1,0
"253","#CCCCCC","dotted",57.4430379746835,0.0397125913027311,0.0353635820011525,0.0440616006043096,0.00173963010658329,FALSE,"1",4,"grey60",1.5,1,0
"254","#CCCCCC","dotted",61.0632911392405,0.0418901301474703,0.0374636902585119,0.0463165700364287,0.00177060281131573,FALSE,"1",4,"grey60",1.5,1,0
"255","#CCCCCC","dotted",64.6835443037975,0.0440514913429011,0.0395575994906409,0.0485453831951612,0.00179758400587544,FALSE,"1",4,"grey60",1.5,1,0
"256","#CCCCCC","dotted",68.3037974683544,0.0462004317729973,0.0416466723047061,0.0507541912412886,0.00182153141551176,FALSE,"1",4,"grey60",1.5,1,0
"257","#CCCCCC","dotted",71.9240506329114,0.0483232550019208,0.0437296123824836,0.0529168976213581,0.00183748491794594,FALSE,"1",4,"grey60",1.5,1,0
"258","#CCCCCC","dotted",75.5443037974684,0.0503419681880386,0.0457750556776756,0.0549088806984016,0.00182679271214153,FALSE,"1",4,"grey60",1.5,1,0
"259","#CCCCCC","dotted",79.1645569620253,0.0522734158479534,0.0477605946657826,0.0567862370301243,0.00180515585268621,FALSE,"1",4,"grey60",1.5,1,0
"260","#CCCCCC","dotted",82.7848101265823,0.054149019042528,0.0496684487441147,0.0586295893409412,0.00179225530351325,FALSE,"1",4,"grey60",1.5,1,0
"261","#CCCCCC","dotted",86.4050632911392,0.0560001988326245,0.0514975076072012,0.0605028900580479,0.00180110380852757,FALSE,"1",4,"grey60",1.5,1,0
"262","#CCCCCC","dotted",90.0253164556962,0.0578583762791057,0.0532749668013167,0.0624417857568947,0.00183339159920097,FALSE,"1",4,"grey60",1.5,1,0
"263","#CCCCCC","dotted",93.6455696202532,0.0597549724428338,0.0550578552902091,0.0644520895954585,0.00187887535901312,FALSE,"1",4,"grey60",1.5,1,0
"264","#CCCCCC","dotted",97.2658227848101,0.0617214083846714,0.0569238687096284,0.0665189480597143,0.00191904497725568,FALSE,"1",4,"grey60",1.5,1,0
"265","#CCCCCC","dotted",100.886075949367,0.0637841155851173,0.0589513535155182,0.0686168776547163,0.00193313414877654,FALSE,"1",4,"grey60",1.5,1,0
"266","#CCCCCC","dotted",104.506329113924,0.0658583438605157,0.0610544296170727,0.0706622581039588,0.00192159484329098,FALSE,"1",4,"grey60",1.5,1,0
"267","#CCCCCC","dotted",108.126582278481,0.0679206917388237,0.0631499143834512,0.0726914690941963,0.00190833988701738,FALSE,"1",4,"grey60",1.5,1,0
"268","#CCCCCC","dotted",111.746835443038,0.0699944983879055,0.0652213304861381,0.0747676662896729,0.00190929612007903,FALSE,"1",4,"grey60",1.5,1,0
"269","#CCCCCC","dotted",115.367088607595,0.0721031029756253,0.0672959719600823,0.0769102339911682,0.00192288157164747,FALSE,"1",4,"grey60",1.5,1,0
"270","#CCCCCC","dotted",118.987341772152,0.0742698446698473,0.069443508603488,0.0790961807362066,0.00193056370849333,FALSE,"1",4,"grey60",1.5,1,0
"271","#CCCCCC","dotted",122.607594936709,0.0765187369710236,0.071742335467273,0.0812951384747742,0.00191058958049098,FALSE,"1",4,"grey60",1.5,1,0
"272","#CCCCCC","dotted",126.227848101266,0.0788530006463867,0.0741756047284789,0.0835303965642945,0.0018709867454753,FALSE,"1",4,"grey60",1.5,1,0
"273","#CCCCCC","dotted",129.848101265823,0.081252170203785,0.0766709206305777,0.0858334197769923,0.00183252762426389,FALSE,"1",4,"grey60",1.5,1,0
"274","#CCCCCC","dotted",133.46835443038,0.0836950983220805,0.0791644957976155,0.0882257008465456,0.00181226849748538,FALSE,"1",4,"grey60",1.5,1,0
"275","#CCCCCC","dotted",137.088607594937,0.0861606376801352,0.0816161083106199,0.0907051670496506,0.00181783932000132,FALSE,"1",4,"grey60",1.5,1,0
"276","#CCCCCC","dotted",140.708860759494,0.0886276409568111,0.0840164989756528,0.0932387829379694,0.00184448476880504,FALSE,"1",4,"grey60",1.5,1,0
"277","#CCCCCC","dotted",144.329113924051,0.0910749608309701,0.0863830848075302,0.0957668368544099,0.00187677887554062,FALSE,"1",4,"grey60",1.5,1,0
"278","#CCCCCC","dotted",147.949367088608,0.0934814499814743,0.0887468085997415,0.0982160913632071,0.00189388527832028,FALSE,"1",4,"grey60",1.5,1,0
"279","#CCCCCC","dotted",151.569620253165,0.0958417379753474,0.0911545893429859,0.100528886607709,0.00187488789042763,FALSE,"1",4,"grey60",1.5,1,0
"280","#CCCCCC","dotted",155.189873417722,0.0982530835811107,0.0937094269587187,0.102796740203503,0.00181749021585688,FALSE,"1",4,"grey60",1.5,1,0
"281","#CCCCCC","dotted",158.810126582278,0.100702625631508,0.0962988801349962,0.10510637112802,0.00176152491664768,FALSE,"1",4,"grey60",1.5,1,0
"282","#CCCCCC","dotted",162.430379746835,0.103149521521625,0.0988071323237244,0.107491910719527,0.00173698202494737,FALSE,"1",4,"grey60",1.5,1,0
"283","#CCCCCC","dotted",166.050632911392,0.105552928646547,0.101189909890934,0.109915947402161,0.00174523397319429,FALSE,"1",4,"grey60",1.5,1,0
"284","#CCCCCC","dotted",169.670886075949,0.107872004401359,0.103465932229052,0.112278076573667,0.00176245560108194,FALSE,"1",4,"grey60",1.5,1,0
"285","#CCCCCC","dotted",173.291139240506,0.11013504238066,0.105717837639913,0.114552247121408,0.00176690869600054,FALSE,"1",4,"grey60",1.5,1,0
"286","#CCCCCC","dotted",176.911392405063,0.112417053756689,0.108008211185651,0.116825896327727,0.00176356377738254,FALSE,"1",4,"grey60",1.5,1,0
"287","#CCCCCC","dotted",180.53164556962,0.114708090253608,0.11030615182561,0.119110028681605,0.00176080207827816,FALSE,"1",4,"grey60",1.5,1,0
"288","#CCCCCC","dotted",184.151898734177,0.116997553892848,0.112585310770768,0.121409797014928,0.001764924018431,FALSE,"1",4,"grey60",1.5,1,0
"289","#CCCCCC","dotted",187.772151898734,0.119274846695841,0.114828179758399,0.123721513633283,0.00177869375342901,FALSE,"1",4,"grey60",1.5,1,0
"290","#CCCCCC","dotted",191.392405063291,0.121529370684019,0.117027634500344,0.126031106867693,0.00180072178603365,FALSE,"1",4,"grey60",1.5,1,0
"291","#CCCCCC","dotted",195.012658227848,0.123750527878813,0.11918584286961,0.128315212888016,0.00182590169816298,FALSE,"1",4,"grey60",1.5,1,0
"292","#CCCCCC","dotted",198.632911392405,0.125927720301655,0.121310957044367,0.130544483558944,0.00184673331336208,FALSE,"1",4,"grey60",1.5,1,0
"293","#CCCCCC","dotted",202.253164556962,0.128058687555439,0.123413989575521,0.132703385535357,0.00185790737189723,FALSE,"1",4,"grey60",1.5,1,0
"294","#CCCCCC","dotted",205.873417721519,0.130169128179955,0.125504545311723,0.134833711048186,0.00186586144786648,FALSE,"1",4,"grey60",1.5,1,0
"295","#CCCCCC","dotted",209.493670886076,0.132261871622305,0.127582286998435,0.136941456246174,0.00187186224113913,FALSE,"1",4,"grey60",1.5,1,0
"296","#CCCCCC","dotted",213.113924050633,0.13433693013878,0.129646383540065,0.139027476737496,0.00187624709758516,FALSE,"1",4,"grey60",1.5,1,0
"297","#CCCCCC","dotted",216.73417721519,0.136394315985673,0.131696295172273,0.141092336799072,0.00187923682880557,FALSE,"1",4,"grey60",1.5,1,0
"298","#CCCCCC","dotted",220.354430379747,0.138434041419273,0.133731786896392,0.143136295942155,0.00188093033828479,FALSE,"1",4,"grey60",1.5,1,0
"299","#CCCCCC","dotted",223.974683544304,0.140456118695873,0.135752905561116,0.14515933183063,0.00188131378885105,FALSE,"1",4,"grey60",1.5,1,0
"300","#CCCCCC","dotted",227.594936708861,0.142460560071764,0.137759920099649,0.147161200043879,0.00188028450818267,FALSE,"1",4,"grey60",1.5,1,0
"301","#CCCCCC","dotted",231.215189873418,0.144447377803237,0.139753224258547,0.149141531347927,0.00187768989785861,FALSE,"1",4,"grey60",1.5,1,0
"302","#CCCCCC","dotted",234.835443037975,0.146416584146583,0.141733200596103,0.151099967697063,0.00187338183483179,FALSE,"1",4,"grey60",1.5,1,0
"303","#CCCCCC","dotted",238.455696202532,0.148368191358094,0.143700043403067,0.153036339313121,0.00186728750421459,FALSE,"1",4,"grey60",1.5,1,0
"304","#CCCCCC","dotted",242.075949367089,0.150302211694061,0.145653536659468,0.154950886728654,0.0018594982178963,FALSE,"1",4,"grey60",1.5,1,0
"305","#CCCCCC","dotted",245.696202531646,0.152218657410775,0.147592781865516,0.156844532956035,0.00185037828383581,FALSE,"1",4,"grey60",1.5,1,0
"306","#CCCCCC","dotted",249.316455696203,0.154117540764528,0.149515871089175,0.158719210439881,0.00184069578901329,FALSE,"1",4,"grey60",1.5,1,0
"307","#CCCCCC","dotted",252.936708860759,0.155998805343894,0.151416422650299,0.160581188037488,0.00183298087929354,FALSE,"1",4,"grey60",1.5,1,0
"308","#CCCCCC","dotted",256.556962025316,0.157862334680838,0.153283965190933,0.162440704170743,0.00183137557346905,FALSE,"1",4,"grey60",1.5,1,0
"309","#CCCCCC","dotted",260.177215189873,0.159708151121576,0.155113720849419,0.164302581393734,0.00183779998381278,FALSE,"1",4,"grey60",1.5,1,0
"310","#CCCCCC","dotted",263.79746835443,0.161536280815051,0.15690090858119,0.166171653048911,0.0018541770168936,FALSE,"1",4,"grey60",1.5,1,0
"311","#CCCCCC","dotted",267.417721518987,0.163346749910203,0.158640780237977,0.16805271958243,0.00188241642056311,FALSE,"1",4,"grey60",1.5,1,0
"312","#CCCCCC","dotted",271.037974683544,0.165139584555976,0.16032886036791,0.169950308744042,0.00192431886245671,FALSE,"1",4,"grey60",1.5,1,0
"313","#CCCCCC","dotted",274.658227848101,0.166914810901311,0.161961184553082,0.17186843724954,0.0019814805935263,FALSE,"1",4,"grey60",1.5,1,0
"314","#CCCCCC","dotted",278.278481012658,0.16867245509515,0.163534493853742,0.173810416336558,0.00205521566917942,FALSE,"1",4,"grey60",1.5,1,0
"315","#CCCCCC","dotted",281.898734177215,0.170412543286435,0.165046349078814,0.175778737494057,0.00214651024038121,FALSE,"1",4,"grey60",1.5,1,0
"316","#CCCCCC","dotted",285.518987341772,0.172135101624108,0.16649514770073,0.177775055547487,0.00225601578761659,FALSE,"1",4,"grey60",1.5,1,0
"317","#CCCCCC","dotted",289.139240506329,0.173840156257112,0.167880050586393,0.179800261927831,0.00238407842895104,FALSE,"1",4,"grey60",1.5,1,0
"318","#CCCCCC","dotted",292.759493670886,0.175527733334387,0.169200845055493,0.181854621613282,0.00253079369753455,FALSE,"1",4,"grey60",1.5,1,0
"319","#CCCCCC","dotted",296.379746835443,0.177197859004877,0.17045777858438,0.183937939425374,0.002696073061061,FALSE,"1",4,"grey60",1.5,1,0
"320","#CCCCCC","dotted",300,0.178850559417523,0.171651393891536,0.18604972494351,0.00287970988858026,FALSE,"1",4,"grey60",1.5,1,0
"321","#1f77b4","dashed",14,0.00181033135917962,7.67551726524912e-05,0.00354390754570674,0.000693440992421843,FALSE,"1",5,"grey60",1.5,1,0
"322","#1f77b4","dashed",17.620253164557,0.00191243073570875,0.00037413333879227,0.00345072813262524,0.000615328291798159,FALSE,"1",5,"grey60",1.5,1,0
"323","#1f77b4","dashed",21.2405063291139,0.00200516113635017,0.000630920678228169,0.00337940159447217,0.000549704520927588,FALSE,"1",5,"grey60",1.5,1,0
"324","#1f77b4","dashed",24.8607594936709,0.00208755574346817,0.000843395312762517,0.00333171617417383,0.000497671720750196,FALSE,"1",5,"grey60",1.5,1,0
"325","#1f77b4","dashed",28.4810126582278,0.00215864773942707,0.00100934283713977,0.00330795264171436,0.000459728933883185,FALSE,"1",5,"grey60",1.5,1,0
"326","#1f77b4","dashed",32.1012658227848,0.00221716582103651,0.00112888837803201,0.003305443264041,0.000435317579909277,FALSE,"1",5,"grey60",1.5,1,0
"327","#1f77b4","dashed",35.7215189873418,0.00226209541695271,0.00120551007378099,0.00331868076012443,0.000422640547696463,FALSE,"1",5,"grey60",1.5,1,0
"328","#1f77b4","dashed",39.3417721518987,0.0022953331501734,0.00124673605207758,0.00334393024826921,0.000419445201200477,FALSE,"1",5,"grey60",1.5,1,0
"329","#1f77b4","dashed",42.9620253164557,0.00231902612589435,0.00126048152455116,0.00337757072723754,0.0004234242628521,FALSE,"1",5,"grey60",1.5,1,0
"330","#1f77b4","dashed",46.5822784810127,0.00233532144931135,0.00125416534835102,0.00341647755027169,0.000432468999885592,FALSE,"1",5,"grey60",1.5,1,0
"331","#1f77b4","dashed",50.2025316455696,0.00234633155461091,0.00123429101333079,0.00345837209589104,0.000444822963393048,FALSE,"1",5,"grey60",1.5,1,0
"332","#1f77b4","dashed",53.8227848101266,0.00234275843203094,0.00120035062148169,0.00348516624258019,0.000456970055342497,FALSE,"1",5,"grey60",1.5,1,0
"333","#1f77b4","dashed",57.4430379746835,0.00232055505905247,0.00115327164133524,0.00348783847676971,0.000466920449132932,FALSE,"1",5,"grey60",1.5,1,0
"334","#1f77b4","dashed",61.0632911392405,0.00228618933701159,0.00109812338368565,0.00347425529033753,0.000475233589466504,FALSE,"1",5,"grey60",1.5,1,0
"335","#1f77b4","dashed",64.6835443037975,0.00224612916724435,0.00103995896239934,0.00345229937208937,0.000482475399914763,FALSE,"1",5,"grey60",1.5,1,0
"336","#1f77b4","dashed",68.3037974683544,0.00220684245108683,0.000984603649785603,0.00342908125238806,0.000488902935987317,FALSE,"1",5,"grey60",1.5,1,0
"337","#1f77b4","dashed",71.9240506329114,0.00216790064228496,0.000934957117735118,0.0034008441668348,0.000493184890233579,FALSE,"1",5,"grey60",1.5,1,0
"338","#1f77b4","dashed",75.5443037974684,0.00210024303115493,0.000874473925170898,0.00332601213713896,0.000490315079279212,FALSE,"1",5,"grey60",1.5,1,0
"339","#1f77b4","dashed",79.1645569620253,0.00200755738164754,0.000796306504083502,0.00321880825921159,0.000484507699827414,FALSE,"1",5,"grey60",1.5,1,0
"340","#1f77b4","dashed",82.7848101265823,0.00189898921473802,0.000696394543497416,0.00310158388597863,0.000481045164779816,FALSE,"1",5,"grey60",1.5,1,0
"341","#1f77b4","dashed",86.4050632911392,0.00178368405140159,0.00057515207593998,0.0029922160268632,0.000483420122490541,FALSE,"1",5,"grey60",1.5,1,0
"342","#1f77b4","dashed",90.0253164556962,0.00167078741261346,0.000440590485214562,0.00290098434001235,0.000492086234709272,FALSE,"1",5,"grey60",1.5,1,0
"343","#1f77b4","dashed",93.6455696202532,0.00156944481934885,0.000308728508315901,0.0028301611303818,0.000504294173327589,FALSE,"1",5,"grey60",1.5,1,0
"344","#1f77b4","dashed",97.2658227848101,0.00148880179258298,0.000201131861298734,0.00277647172386723,0.0005150757849589,FALSE,"1",5,"grey60",1.5,1,0
"345","#1f77b4","dashed",100.886075949367,0.00143726785701857,0.00014014415954378,0.00273439155449337,0.000518857348792232,FALSE,"1",5,"grey60",1.5,1,0
"346","#1f77b4","dashed",104.506329113924,0.00140395255159828,0.000114571672492916,0.00269333343070364,0.000515760174467867,FALSE,"1",5,"grey60",1.5,1,0
"347","#1f77b4","dashed",108.126582278481,0.00137975243232925,9.92655650038608e-05,0.00266023929965465,0.000512202515794862,FALSE,"1",5,"grey60",1.5,1,0
"348","#1f77b4","dashed",111.746835443038,0.00136139103580744,8.02625407060598e-05,0.00264251953090883,0.00051245917079809,FALSE,"1",5,"grey60",1.5,1,0
"349","#1f77b4","dashed",115.367088607595,0.00134559189862878,5.53476309973504e-05,0.00263583616626022,0.000516105535116576,FALSE,"1",5,"grey60",1.5,1,0
"350","#1f77b4","dashed",118.987341772152,0.00132907855738921,3.36796129567303e-05,0.00262447750182169,0.000518167437111026,FALSE,"1",5,"grey60",1.5,1,0
"351","#1f77b4","dashed",122.607594936709,0.00130833618354757,2.63397827433454e-05,0.0025903325843518,0.000512806338344914,FALSE,"1",5,"grey60",1.5,1,0
"352","#1f77b4","dashed",126.227848101266,0.00128289886912902,2.74757797623492e-05,0.00253832195849569,0.000502176852546479,FALSE,"1",5,"grey60",1.5,1,0
"353","#1f77b4","dashed",129.848101265823,0.00125636803273901,2.67508283591327e-05,0.00248598523711888,0.000491854341984416,FALSE,"1",5,"grey60",1.5,1,0
"354","#1f77b4","dashed",133.46835443038,0.00123247239369654,1.6448965750226e-05,0.00244849582164285,0.000486416748935947,FALSE,"1",5,"grey60",1.5,1,0
"355","#1f77b4","dashed",137.088607594937,0.00121494067132061,NA,0.00243470209432764,0.000487911969639094,FALSE,"1",5,"grey60",1.5,1,0
"356","#1f77b4","dashed",140.708860759494,0.00120750158493022,NA,0.00244514197567213,0.000495063665206849,FALSE,"1",5,"grey60",1.5,1,0
"357","#1f77b4","dashed",144.329113924051,0.00121388385384437,NA,0.00247319343457085,0.000503731472670205,FALSE,"1",5,"grey60",1.5,1,0
"358","#1f77b4","dashed",147.949367088608,0.00123781619738206,NA,0.0025086040919328,0.00050832286784019,FALSE,"1",5,"grey60",1.5,1,0
"359","#1f77b4","dashed",151.569620253165,0.00128581621558322,2.77754767543284e-05,0.00254385695441212,0.000503223928212956,FALSE,"1",5,"grey60",1.5,1,0
"360","#1f77b4","dashed",155.189873417722,0.00137509135096339,0.000155564175154835,0.00259461852677195,0.000487818269338496,FALSE,"1",5,"grey60",1.5,1,0
"361","#1f77b4","dashed",158.810126582278,0.00149024222525142,0.000308267495498647,0.0026722169550042,0.000472797063081068,FALSE,"1",5,"grey60",1.5,1,0
"362","#1f77b4","dashed",162.430379746835,0.00160975977679407,0.000444253209092635,0.00277526634449551,0.000466209698346253,FALSE,"1",5,"grey60",1.5,1,0
"363","#1f77b4","dashed",166.050632911392,0.0017121349439381,0.000541091358731599,0.00288317852914461,0.000468424538942019,FALSE,"1",5,"grey60",1.5,1,0
"364","#1f77b4","dashed",169.670886075949,0.00177585866503028,0.00059325945050736,0.0029584578795532,0.000473046860777948,FALSE,"1",5,"grey60",1.5,1,0
"365","#1f77b4","dashed",173.291139240506,0.00180800910746561,0.000622421887713118,0.00299359632721811,0.000474242080998359,FALSE,"1",5,"grey60",1.5,1,0
"366","#1f77b4","dashed",176.911392405063,0.00184037578807236,0.000657032992592378,0.00302371858355235,0.000473344297672168,FALSE,"1",5,"grey60",1.5,1,0
"367","#1f77b4","dashed",180.53164556962,0.00187309192225987,0.000691602213569463,0.00305458163095027,0.000472603051713441,FALSE,"1",5,"grey60",1.5,1,0
"368","#1f77b4","dashed",184.151898734177,0.00190603431025703,0.000721778799588935,0.00309028982092512,0.000473709389284962,FALSE,"1",5,"grey60",1.5,1,0
"369","#1f77b4","dashed",187.772151898734,0.00193907975229273,0.000745584815801465,0.00313257468878399,0.000477405215670916,FALSE,"1",5,"grey60",1.5,1,0
"370","#1f77b4","dashed",191.392405063291,0.00197210504859587,0.000763829408386598,0.00318038068880514,0.000483317586834389,FALSE,"1",5,"grey60",1.5,1,0
"371","#1f77b4","dashed",195.012658227848,0.00200498699939534,0.000779815759496847,0.00323015823929383,0.000490075929217672,FALSE,"1",5,"grey60",1.5,1,0
"372","#1f77b4","dashed",198.632911392405,0.00203760240492003,0.000798453251616759,0.00327675155822331,0.000495667179385233,FALSE,"1",5,"grey60",1.5,1,0
"373","#1f77b4","dashed",202.253164556962,0.00207003975487522,0.000823392862146005,0.00331668664760443,0.000498666320645277,FALSE,"1",5,"grey60",1.5,1,0
"374","#1f77b4","dashed",205.873417721519,0.00210306672172125,0.000851082682349749,0.00335505076109274,0.000500801211683288,FALSE,"1",5,"grey60",1.5,1,0
"375","#1f77b4","dashed",209.493670886076,0.00213683273129248,0.000880822188554658,0.0033928432740303,0.000502411837459087,FALSE,"1",5,"grey60",1.5,1,0
"376","#1f77b4","dashed",213.113924050633,0.00217141401890948,0.000912461258628311,0.00343036677919064,0.000503588742327206,FALSE,"1",5,"grey60",1.5,1,0
"377","#1f77b4","dashed",216.73417721519,0.0022068868198928,0.000945927964371152,0.00346784567541445,0.000504391192594617,FALSE,"1",5,"grey60",1.5,1,0
"378","#1f77b4","dashed",220.354430379747,0.00224332736956302,0.000981232177342343,0.0035054225617837,0.000504845734168516,FALSE,"1",5,"grey60",1.5,1,0
"379","#1f77b4","dashed",223.974683544304,0.00228081190324069,0.00101845941753802,0.00354316438894337,0.000504948653122344,FALSE,"1",5,"grey60",1.5,1,0
"380","#1f77b4","dashed",227.594936708861,0.00231941665624638,0.00105775481291178,0.00358107849958098,0.000504672391984907,FALSE,"1",5,"grey60",1.5,1,0
"381","#1f77b4","dashed",231.215189873418,0.00235921786390065,0.00109929699158928,0.00361913873621201,0.000503975993012936,FALSE,"1",5,"grey60",1.5,1,0
"382","#1f77b4","dashed",234.835443037975,0.00240029176152405,0.00114326157874183,0.00365732194430627,0.000502819699663124,FALSE,"1",5,"grey60",1.5,1,0
"383","#1f77b4","dashed",238.455696202532,0.00244271458443716,0.00118977366812867,0.00369565550074565,0.00050118396826357,FALSE,"1",5,"grey60",1.5,1,0
"384","#1f77b4","dashed",242.075949367089,0.00248656256796053,0.00123884822523271,0.00373427691068836,0.000499093307121067,FALSE,"1",5,"grey60",1.5,1,0
"385","#1f77b4","dashed",245.696202531646,0.00253191194741474,0.0012903170364898,0.00377350685833967,0.000496645497272598,FALSE,"1",5,"grey60",1.5,1,0
"386","#1f77b4","dashed",249.316455696203,0.00257883895812033,0.00134374095455845,0.00381393696168221,0.000494046694909872,FALSE,"1",5,"grey60",1.5,1,0
"387","#1f77b4","dashed",252.936708860759,0.00262708948450774,0.00139716814818734,0.00385701082082814,0.000491975996605829,FALSE,"1",5,"grey60",1.5,1,0
"388","#1f77b4","dashed",256.556962025316,0.00267608180229618,0.00144723761844757,0.0039049259861448,0.000491545129081905,FALSE,"1",5,"grey60",1.5,1,0
"389","#1f77b4","dashed",260.177215189873,0.00272587035252049,0.0014927154202924,0.00395902528474859,0.000493269454587515,FALSE,"1",5,"grey60",1.5,1,0
"390","#1f77b4","dashed",263.79746835443,0.00277652745020255,0.00153238360770308,0.00402067129270203,0.000497665085367082,FALSE,"1",5,"grey60",1.5,1,0
"391","#1f77b4","dashed",267.417721518987,0.00282812541036426,0.00156503306409671,0.00409121775663181,0.000505244601837117,FALSE,"1",5,"grey60",1.5,1,0
"392","#1f77b4","dashed",271.037974683544,0.0028807365480275,0.0015895278651898,0.0041719452308652,0.000516491307050303,FALSE,"1",5,"grey60",1.5,1,0
"393","#1f77b4","dashed",274.658227848101,0.00293443317821416,0.00160486924930832,0.00426399710712,0.000531833638183356,FALSE,"1",5,"grey60",1.5,1,0
"394","#1f77b4","dashed",278.278481012658,0.00298928761594614,0.00161024780662854,0.00436832742526373,0.000551624290524055,FALSE,"1",5,"grey60",1.5,1,0
"395","#1f77b4","dashed",281.898734177215,0.00304537217624531,0.00160507414962728,0.00448567020286334,0.000576127949105051,FALSE,"1",5,"grey60",1.5,1,0
"396","#1f77b4","dashed",285.518987341772,0.00310275917413358,0.00158898345306074,0.00461653489520642,0.000605519472684805,FALSE,"1",5,"grey60",1.5,1,0
"397","#1f77b4","dashed",289.139240506329,0.00316152092463283,0.00156181578839693,0.00476122606086874,0.000639891760093919,FALSE,"1",5,"grey60",1.5,1,0
"398","#1f77b4","dashed",292.759493670886,0.00322172974276496,0.00152357936837447,0.00491988011715545,0.000679270452634612,FALSE,"1",5,"grey60",1.5,1,0
"399","#1f77b4","dashed",296.379746835443,0.00328345794355184,0.00147440591276601,0.00509250997433766,0.000723631788046163,FALSE,"1",5,"grey60",1.5,1,0
"400","#1f77b4","dashed",300,0.00334677784201537,0.00141450638496517,0.00527904929906558,0.000772920306138694,FALSE,"1",5,"grey60",1.5,1,0
"401","#1777b4","solid",14,0.2002409578706,0.189970741540669,0.21051117420053,0.00410814884258499,FALSE,"1",6,"grey60",1.5,1,0
"402","#1777b4","solid",17.620253164557,0.213049286785428,0.203935959566881,0.222162614003975,0.00364538617904871,FALSE,"1",6,"grey60",1.5,1,0
"403","#1777b4","solid",21.2405063291139,0.225414870899442,0.217273465344875,0.233556276454008,0.00325661161669345,FALSE,"1",6,"grey60",1.5,1,0
"404","#1777b4","solid",24.8607594936709,0.237325682995436,0.229954909866576,0.244696456124297,0.0029483539708934,FALSE,"1",6,"grey60",1.5,1,0
"405","#1777b4","solid",28.4810126582278,0.248769695856209,0.241960874837972,0.255578516874446,0.00272356971721412,FALSE,"1",6,"grey60",1.5,1,0
"406","#1777b4","solid",32.1012658227848,0.259731194663937,0.253283918303369,0.266178471024505,0.00257894966061262,FALSE,"1",6,"grey60",1.5,1,0
"407","#1777b4","solid",35.7215189873418,0.270197625893568,0.263938102874192,0.276457148912943,0.00250384718501395,FALSE,"1",6,"grey60",1.5,1,0
"408","#1777b4","solid",39.3417721518987,0.280191762559057,0.273979564258182,0.286403960859933,0.00248491701048922,FALSE,"1",6,"grey60",1.5,1,0
"409","#1777b4","solid",42.9620253164557,0.289739414912067,0.283468284669759,0.296010545154374,0.00250849014460926,FALSE,"1",6,"grey60",1.5,1,0
"410","#1777b4","solid",46.5822784810127,0.298866393204255,0.292461305773092,0.305271480635417,0.00256207383288511,FALSE,"1",6,"grey60",1.5,1,0
"411","#1777b4","solid",50.2025316455696,0.307598099639353,0.301010043680024,0.314186155598681,0.00263526235424327,FALSE,"1",6,"grey60",1.5,1,0
"412","#1777b4","solid",53.8227848101266,0.315825488337831,0.309057527724085,0.322593448951577,0.0027072253075129,FALSE,"1",6,"grey60",1.5,1,0
"413","#1777b4","solid",57.4430379746835,0.323500750746332,0.316585419703217,0.330416081789448,0.00276617437337455,FALSE,"1",6,"grey60",1.5,1,0
"414","#1777b4","solid",61.0632911392405,0.330699704435916,0.32366125152585,0.337738157345982,0.00281542386714955,FALSE,"1",6,"grey60",1.5,1,0
"415","#1777b4","solid",64.6835443037975,0.337498166977641,0.330352459145041,0.344643874810241,0.00285832648689133,FALSE,"1",6,"grey60",1.5,1,0
"416","#1777b4","solid",68.3037974683544,0.343971955942568,0.33673105300807,0.351212858877065,0.00289640510521026,FALSE,"1",6,"grey60",1.5,1,0
"417","#1777b4","solid",71.9240506329114,0.350101165950474,0.342796845080053,0.357405486820895,0.00292177266434367,FALSE,"1",6,"grey60",1.5,1,0
"418","#1777b4","solid",75.5443037974684,0.355478120319936,0.348216302819881,0.362739937819992,0.00290477105832461,FALSE,"1",6,"grey60",1.5,1,0
"419","#1777b4","solid",79.1645569620253,0.360163817373748,0.352988010138346,0.367339624609149,0.00287036643062869,FALSE,"1",6,"grey60",1.5,1,0
"420","#1777b4","solid",82.7848101265823,0.364295911974123,0.357171386656544,0.371420437291701,0.00284985335236587,FALSE,"1",6,"grey60",1.5,1,0
"421","#1777b4","solid",86.4050632911392,0.368012058983275,0.36085235932537,0.375171758641179,0.00286392330190322,FALSE,"1",6,"grey60",1.5,1,0
"422","#1777b4","solid",90.0253164556962,0.371449913263418,0.364161864044126,0.378737962482711,0.00291526390517034,FALSE,"1",6,"grey60",1.5,1,0
"423","#1777b4","solid",93.6455696202532,0.374747129676767,0.367278274632721,0.382215984720813,0.00298758733204194,FALSE,"1",6,"grey60",1.5,1,0
"424","#1777b4","solid",97.2658227848101,0.378041363085536,0.370412826850086,0.385669899320987,0.00305146077740847,FALSE,"1",6,"grey60",1.5,1,0
"425","#1777b4","solid",100.886075949367,0.381448609137117,0.373764066004095,0.389133152270138,0.00307386387623712,FALSE,"1",6,"grey60",1.5,1,0
"426","#1777b4","solid",104.506329113924,0.384600914172522,0.376962241777848,0.392239586567195,0.00305551530259499,FALSE,"1",6,"grey60",1.5,1,0
"427","#1777b4","solid",108.126582278481,0.387393321717738,0.379807340070509,0.394979303364966,0.00303443868393596,FALSE,"1",6,"grey60",1.5,1,0
"428","#1777b4","solid",111.746835443038,0.389923284542863,0.382333501703559,0.397513067382168,0.00303595918382849,FALSE,"1",6,"grey60",1.5,1,0
"429","#1777b4","solid",115.367088607595,0.392288255417998,0.384644468055197,0.399932042780798,0.00305756132087884,FALSE,"1",6,"grey60",1.5,1,0
"430","#1777b4","solid",118.987341772152,0.39458568711324,0.386911361925641,0.402260012300838,0.0030697766360745,FALSE,"1",6,"grey60",1.5,1,0
"431","#1777b4","solid",122.607594936709,0.396803298779182,0.389208374210664,0.4043982233477,0.00303801590670939,FALSE,"1",6,"grey60",1.5,1,0
"432","#1777b4","solid",126.227848101266,0.398717961850159,0.391280465411531,0.406155458288787,0.00297504369961848,FALSE,"1",6,"grey60",1.5,1,0
"433","#1777b4","solid",129.848101265823,0.400362878737634,0.393078263968389,0.407647493506878,0.00291389010431399,FALSE,"1",6,"grey60",1.5,1,0
"434","#1777b4","solid",133.46835443038,0.401787171101457,0.394583089870801,0.408991252332114,0.0028816762002722,FALSE,"1",6,"grey60",1.5,1,0
"435","#1777b4","solid",137.088607594937,0.403039960601482,0.395813734386249,0.410266186816715,0.00289053432845928,FALSE,"1",6,"grey60",1.5,1,0
"436","#1777b4","solid",140.708860759494,0.404170368897559,0.396838222407336,0.411502515387782,0.00293290308108606,FALSE,"1",6,"grey60",1.5,1,0
"437","#1777b4","solid",144.329113924051,0.40522751764954,0.397766996490487,0.412688038808593,0.00298425372748205,FALSE,"1",6,"grey60",1.5,1,0
"438","#1777b4","solid",147.949367088608,0.406260528517277,0.398732006443702,0.413789050590852,0.00301145450586053,FALSE,"1",6,"grey60",1.5,1,0
"439","#1777b4","solid",151.569620253165,0.407270874620326,0.399817870454687,0.414723878785965,0.00298124688450998,FALSE,"1",6,"grey60",1.5,1,0
"440","#1777b4","solid",155.189873417722,0.407965308103806,0.400740469638024,0.415190146569587,0.00288997922025878,FALSE,"1",6,"grey60",1.5,1,0
"441","#1777b4","solid",158.810126582278,0.408410024424024,0.401407657717897,0.415412391130152,0.00280098916663481,FALSE,"1",6,"grey60",1.5,1,0
"442","#1777b4","solid",162.430379746835,0.408758105544518,0.401853301084653,0.415662910004384,0.00276196367620843,FALSE,"1",6,"grey60",1.5,1,0
"443","#1777b4","solid",166.050632911392,0.409162633428823,0.402225026045128,0.416100240812518,0.00277508504475953,FALSE,"1",6,"grey60",1.5,1,0
"444","#1777b4","solid",169.670886075949,0.409776690040476,0.402770623702493,0.416782756378459,0.00280246904182323,FALSE,"1",6,"grey60",1.5,1,0
"445","#1777b4","solid",173.291139240506,0.410482806206667,0.403459038044938,0.417506574368395,0.00280954987872035,FALSE,"1",6,"grey60",1.5,1,0
"446","#1777b4","solid",176.911392405063,0.410989455566123,0.403978984035367,0.417999927096878,0.00280423114565915,FALSE,"1",6,"grey60",1.5,1,0
"447","#1777b4","solid",180.53164556962,0.411343227413744,0.404343734115358,0.418342720712129,0.00279983978610484,FALSE,"1",6,"grey60",1.5,1,0
"448","#1777b4","solid",184.151898734177,0.411593273401092,0.404577394676524,0.418609152125661,0.00280639405599027,FALSE,"1",6,"grey60",1.5,1,0
"449","#1777b4","solid",187.772151898734,0.411788745179732,0.40471812937311,0.418859360986355,0.00282828922090809,FALSE,"1",6,"grey60",1.5,1,0
"450","#1777b4","solid",191.392405063291,0.411978794401227,0.404820613348916,0.419136975453537,0.00286331585045205,FALSE,"1",6,"grey60",1.5,1,0
"451","#1777b4","solid",195.012658227848,0.412212572717139,0.404954297152005,0.419470848282272,0.00290335426286651,FALSE,"1",6,"grey60",1.5,1,0
"452","#1777b4","solid",198.632911392405,0.412539231779031,0.405198146934661,0.419880316623401,0.00293647847697483,FALSE,"1",6,"grey60",1.5,1,0
"453","#1777b4","solid",202.253164556962,0.412966538792765,0.40558103512995,0.42035204245558,0.00295424627384702,FALSE,"1",6,"grey60",1.5,1,0
"454","#1777b4","solid",205.873417721519,0.413366457214265,0.405949334721527,0.420783579707004,0.00296689399765149,FALSE,"1",6,"grey60",1.5,1,0
"455","#1777b4","solid",209.493670886076,0.413728106997074,0.406287130311513,0.421169083682635,0.00297643581950656,FALSE,"1",6,"grey60",1.5,1,0
"456","#1777b4","solid",213.113924050633,0.414054752596116,0.40659634534656,0.421513159845672,0.00298340815085793,FALSE,"1",6,"grey60",1.5,1,0
"457","#1777b4","solid",216.73417721519,0.414349658466316,0.406879366517225,0.421819950415407,0.00298816210277788,FALSE,"1",6,"grey60",1.5,1,0
"458","#1777b4","solid",220.354430379747,0.4146160890626,0.407139065119949,0.42209311300525,0.00299085494104549,FALSE,"1",6,"grey60",1.5,1,0
"459","#1777b4","solid",223.974683544304,0.414857308839892,0.407378760614812,0.422335857064971,0.00299146466326507,FALSE,"1",6,"grey60",1.5,1,0
"460","#1777b4","solid",227.594936708861,0.415076582253118,0.407602125597005,0.42255103890923,0.00298982801085425,FALSE,"1",6,"grey60",1.5,1,0
"461","#1777b4","solid",231.215189873418,0.415277173757202,0.407813031126612,0.422741316387792,0.0029857023380689,FALSE,"1",6,"grey60",1.5,1,0
"462","#1777b4","solid",234.835443037975,0.41546234780707,0.40801533047333,0.42290936514081,0.00297885211542756,FALSE,"1",6,"grey60",1.5,1,0
"463","#1777b4","solid",238.455696202532,0.415635368857647,0.408212577543878,0.423058160171416,0.00296916156045707,FALSE,"1",6,"grey60",1.5,1,0
"464","#1777b4","solid",242.075949367089,0.415799501363857,0.408407673812602,0.423191328915113,0.00295677586759109,FALSE,"1",6,"grey60",1.5,1,0
"465","#1777b4","solid",245.696202531646,0.415958009780627,0.408602435547178,0.423313584014076,0.00294227432051535,FALSE,"1",6,"grey60",1.5,1,0
"466","#1777b4","solid",249.316455696203,0.41611415856288,0.408797073923723,0.423431243202038,0.00292687824927755,FALSE,"1",6,"grey60",1.5,1,0
"467","#1777b4","solid",252.936708860759,0.416263344909799,0.40897692837329,0.423549761446307,0.002914610822151,FALSE,"1",6,"grey60",1.5,1,0
"468","#1777b4","solid",256.556962025316,0.416391753476915,0.409111718309158,0.423671788644671,0.00291205823593377,FALSE,"1",6,"grey60",1.5,1,0
"469","#1777b4","solid",260.177215189873,0.416499564987554,0.409193991675731,0.423805138299377,0.00292227364850316,FALSE,"1",6,"grey60",1.5,1,0
"470","#1777b4","solid",263.79746835443,0.416587370501744,0.409216695646306,0.423958045357182,0.00294831466092793,FALSE,"1",6,"grey60",1.5,1,0
"471","#1777b4","solid",267.417721518987,0.416655761079513,0.409172829702361,0.424138692456665,0.00299321795068728,FALSE,"1",6,"grey60",1.5,1,0
"472","#1777b4","solid",271.037974683544,0.416705327780888,0.409055826938128,0.424354828623648,0.00305984674752706,FALSE,"1",6,"grey60",1.5,1,0
"473","#1777b4","solid",274.658227848101,0.416736661665898,0.408859933039572,0.424613390292224,0.00315073923957123,FALSE,"1",6,"grey60",1.5,1,0
"474","#1777b4","solid",278.278481012658,0.41675035379457,0.408580515468831,0.42492019212031,0.00326798489766752,FALSE,"1",6,"grey60",1.5,1,0
"475","#1777b4","solid",281.898734177215,0.416746995226933,0.408214245165009,0.425279745288857,0.00341315179396975,FALSE,"1",6,"grey60",1.5,1,0
"476","#1777b4","solid",285.518987341772,0.416727177023014,0.407759123440345,0.425695230605684,0.00358727584330562,FALSE,"1",6,"grey60",1.5,1,0
"477","#1777b4","solid",289.139240506329,0.416691490242842,0.407214365475595,0.426168615010088,0.00379090740573113,FALSE,"1",6,"grey60",1.5,1,0
"478","#1777b4","solid",292.759493670886,0.416640525946443,0.406580182569968,0.426700869322918,0.00402419838787881,FALSE,"1",6,"grey60",1.5,1,0
"479","#1777b4","solid",296.379746835443,0.416574875193847,0.405857517714744,0.427292232672949,0.00428700801511184,FALSE,"1",6,"grey60",1.5,1,0
"480","#1777b4","solid",300,0.41649512904508,0.405047783363774,0.427942474726386,0.00457900772491755,FALSE,"1",6,"grey60",1.5,1,0
"481","#d62728","dashed",14,0.189127341990958,0.166024199800016,0.2122304841819,0.00924139704586271,FALSE,"1",7,"grey60",1.5,1,0
"482","#d62728","dashed",17.620253164557,0.206119741407216,0.185619054002116,0.226620428812315,0.00820039934212596,FALSE,"1",7,"grey60",1.5,1,0
"483","#d62728","dashed",21.2405063291139,0.222388482011897,0.204074159886752,0.240702804137042,0.00732583996520823,FALSE,"1",7,"grey60",1.5,1,0
"484","#d62728","dashed",24.8607594936709,0.237906994918914,0.221326232237512,0.254487757600316,0.00663240567000176,FALSE,"1",7,"grey60",1.5,1,0
"485","#d62728","dashed",28.4810126582278,0.25264871124218,0.237332075731927,0.267965346752433,0.00612674713193355,FALSE,"1",7,"grey60",1.5,1,0
"486","#d62728","dashed",32.1012658227848,0.266578878200112,0.252075547625817,0.281082208774406,0.00580142022313328,FALSE,"1",7,"grey60",1.5,1,0
"487","#d62728","dashed",35.7215189873418,0.279669408762422,0.265588434640908,0.293750382883936,0.00563247507953478,FALSE,"1",7,"grey60",1.5,1,0
"488","#d62728","dashed",39.3417721518987,0.291970149879486,0.277995634051111,0.30594466570786,0.00558989111638402,FALSE,"1",7,"grey60",1.5,1,0
"489","#d62728","dashed",42.9620253164557,0.303537664369368,0.289430579471486,0.317644749267251,0.00564291954849933,FALSE,"1",7,"grey60",1.5,1,0
"490","#d62728","dashed",46.5822784810127,0.314428515050135,0.300020089666115,0.328836940434156,0.00576345757122279,FALSE,"1",7,"grey60",1.5,1,0
"491","#d62728","dashed",50.2025316455696,0.324698323722892,0.309878305458361,0.339518341987422,0.0059280972206092,FALSE,"1",7,"grey60",1.5,1,0
"492","#d62728","dashed",53.8227848101266,0.334093679323391,0.31886896044903,0.349318398197752,0.00608997991990767,FALSE,"1",7,"grey60",1.5,1,0
"493","#d62728","dashed",57.4430379746835,0.34250605937916,0.326949826554645,0.358062292203674,0.00622258751130337,FALSE,"1",7,"grey60",1.5,1,0
"494","#d62728","dashed",61.0632911392405,0.350112859190206,0.334279660242721,0.365946058137691,0.00633337564087759,FALSE,"1",7,"grey60",1.5,1,0
"495","#d62728","dashed",64.6835443037975,0.357091474056538,0.341017002126443,0.373165945986633,0.0064298862977534,FALSE,"1",7,"grey60",1.5,1,0
"496","#d62728","dashed",68.3037974683544,0.363619299278163,0.347330683273166,0.379907915283161,0.00651554522695171,FALSE,"1",7,"grey60",1.5,1,0
"497","#d62728","dashed",71.9240506329114,0.36964418959023,0.353212913144204,0.386075466036257,0.00657261026890103,FALSE,"1",7,"grey60",1.5,1,0
"498","#d62728","dashed",75.5443037974684,0.374187855202353,0.357852191290434,0.390523519114272,0.00653436467516529,FALSE,"1",7,"grey60",1.5,1,0
"499","#d62728","dashed",79.1645569620253,0.377401320241061,0.361259138852815,0.393543501629308,0.00645697049181507,FALSE,"1",7,"grey60",1.5,1,0
"500","#d62728","dashed",82.7848101265823,0.379619776804253,0.363592955540978,0.395646598067529,0.00641082574192322,FALSE,"1",7,"grey60",1.5,1,0
"501","#d62728","dashed",86.4050632911392,0.381178416989825,0.365072470052861,0.397284363926789,0.00644247649146326,FALSE,"1",7,"grey60",1.5,1,0
"502","#d62728","dashed",90.0253164556962,0.382412432895673,0.366017759989204,0.398807105802142,0.00655796863100002,FALSE,"1",7,"grey60",1.5,1,0
"503","#d62728","dashed",93.6455696202532,0.383657016619694,0.366855615895228,0.40045841734416,0.00672066222586435,FALSE,"1",7,"grey60",1.5,1,0
"504","#d62728","dashed",97.2658227848101,0.385247360259785,0.368086752177681,0.402407968341889,0.00686434734827288,FALSE,"1",7,"grey60",1.5,1,0
"505","#d62728","dashed",100.886075949367,0.387464132194734,0.370177535012043,0.404750729377426,0.00691474375289852,FALSE,"1",7,"grey60",1.5,1,0
"506","#d62728","dashed",104.506329113924,0.389376384508772,0.372192974849731,0.406559794167812,0.00687346811738735,FALSE,"1",7,"grey60",1.5,1,0
"507","#d62728","dashed",108.126582278481,0.390731880366348,0.373667000034369,0.407796760698326,0.00682605566743099,FALSE,"1",7,"grey60",1.5,1,0
"508","#d62728","dashed",111.746835443038,0.391790365377415,0.374716934156322,0.408863796598507,0.00682947607495601,FALSE,"1",7,"grey60",1.5,1,0
"509","#d62728","dashed",115.367088607595,0.392811585151927,0.375616669227377,0.410006501076477,0.0068780706934012,FALSE,"1",7,"grey60",1.5,1,0
"510","#d62728","dashed",118.987341772152,0.394055285299838,0.376791673674453,0.411318896925222,0.00690554939051978,FALSE,"1",7,"grey60",1.5,1,0
"511","#d62728","dashed",122.607594936709,0.395542481603202,0.378457483916777,0.412627479289626,0.00683410273126375,FALSE,"1",7,"grey60",1.5,1,0
"512","#d62728","dashed",126.227848101266,0.396787808609088,0.380056949954682,0.413518667263494,0.00669244496985333,FALSE,"1",7,"grey60",1.5,1,0
"513","#d62728","dashed",129.848101265823,0.39781583650566,0.381428889491738,0.414202783519582,0.00655487822710717,FALSE,"1",7,"grey60",1.5,1,0
"514","#d62728","dashed",133.46835443038,0.398684507976862,0.382478723436385,0.414890292517339,0.00648241213859512,FALSE,"1",7,"grey60",1.5,1,0
"515","#d62728","dashed",137.088607594937,0.399451765706642,0.38319616539685,0.415707366016433,0.00650233874855904,FALSE,"1",7,"grey60",1.5,1,0
"516","#d62728","dashed",140.708860759494,0.400175552378943,0.38368168141395,0.416669423343936,0.00659764845625591,FALSE,"1",7,"grey60",1.5,1,0
"517","#d62728","dashed",144.329113924051,0.400913810677713,0.384131157263314,0.417696464092111,0.00671316318809519,FALSE,"1",7,"grey60",1.5,1,0
"518","#d62728","dashed",147.949367088608,0.401724483286896,0.384788859891452,0.41866010668234,0.0067743521086003,FALSE,"1",7,"grey60",1.5,1,0
"519","#d62728","dashed",151.569620253165,0.402642981163305,0.385877237438256,0.419408724888354,0.00670639920976231,FALSE,"1",7,"grey60",1.5,1,0
"520","#d62728","dashed",155.189873417722,0.403532625514169,0.387280146986031,0.419785104042306,0.00650109001695735,FALSE,"1",7,"grey60",1.5,1,0
"521","#d62728","dashed",158.810126582278,0.404369002284185,0.388616980273382,0.420121024294988,0.00630090437369466,FALSE,"1",7,"grey60",1.5,1,0
"522","#d62728","dashed",162.430379746835,0.405163674814238,0.389631121836555,0.420696227791922,0.0062131154289025,FALSE,"1",7,"grey60",1.5,1,0
"523","#d62728","dashed",166.050632911392,0.405928206445213,0.39032186236234,0.421534550528085,0.00624263231867747,FALSE,"1",7,"grey60",1.5,1,0
"524","#d62728","dashed",169.670886075949,0.406674160517993,0.390913816080664,0.422434504955322,0.00630423339479845,FALSE,"1",7,"grey60",1.5,1,0
"525","#d62728","dashed",173.291139240506,0.407387148306018,0.391586983115368,0.423187313496668,0.00632016193772391,FALSE,"1",7,"grey60",1.5,1,0
"526","#d62728","dashed",176.911392405063,0.408040600301058,0.392270346257958,0.423810854344157,0.00630819729722939,FALSE,"1",7,"grey60",1.5,1,0
"527","#d62728","dashed",180.53164556962,0.408643287863772,0.392897729664976,0.424388846062567,0.00629831880967514,FALSE,"1",7,"grey60",1.5,1,0
"528","#d62728","dashed",184.151898734177,0.409204238382445,0.393421820703888,0.424986656061002,0.00631306282521059,FALSE,"1",7,"grey60",1.5,1,0
"529","#d62728","dashed",187.772151898734,0.409732479245364,0.393826928952149,0.425638029538579,0.00636231661813375,FALSE,"1",7,"grey60",1.5,1,0
"530","#d62728","dashed",191.392405063291,0.410237037840815,0.394134507050098,0.426339568631531,0.00644111001223833,FALSE,"1",7,"grey60",1.5,1,0
"531","#d62728","dashed",195.012658227848,0.410726941557083,0.394399245327976,0.427054637786189,0.00653117755369946,FALSE,"1",7,"grey60",1.5,1,0
"532","#d62728","dashed",198.632911392405,0.411211217782453,0.39469723973693,0.427725195827977,0.00660569141045995,FALSE,"1",7,"grey60",1.5,1,0
"533","#d62728","dashed",202.253164556962,0.411690589646522,0.395076690212245,0.428304489080799,0.00664566057219626,FALSE,"1",7,"grey60",1.5,1,0
"534","#d62728","dashed",205.873417721519,0.412139267976854,0.39545424109013,0.428824294863578,0.00667411198471373,FALSE,"1",7,"grey60",1.5,1,0
"535","#d62728","dashed",209.493670886076,0.412555877021125,0.395817189452784,0.429294564589467,0.0066955765829263,FALSE,"1",7,"grey60",1.5,1,0
"536","#d62728","dashed",213.113924050633,0.41294191927822,0.39616402116304,0.4297198173934,0.00671126103955686,FALSE,"1",7,"grey60",1.5,1,0
"537","#d62728","dashed",216.73417721519,0.413298897247024,0.396494264164007,0.430103530330041,0.0067219551888958,FALSE,"1",7,"grey60",1.5,1,0
"538","#d62728","dashed",220.354430379747,0.413628313426422,0.396808536533437,0.430448090319408,0.00672801280476241,FALSE,"1",7,"grey60",1.5,1,0
"539","#d62728","dashed",223.974683544304,0.413931670315301,0.397108464505868,0.430754876124734,0.00672938439214514,FALSE,"1",7,"grey60",1.5,1,0
"540","#d62728","dashed",227.594936708861,0.414210470412543,0.397396468703257,0.43102447212183,0.00672570269624412,FALSE,"1",7,"grey60",1.5,1,0
"541","#d62728","dashed",231.215189873418,0.414466216217036,0.397675416199959,0.431257016234114,0.00671642187859324,FALSE,"1",7,"grey60",1.5,1,0
"542","#d62728","dashed",234.835443037975,0.414700410227664,0.397948134050347,0.431452686404982,0.00670101210896052,FALSE,"1",7,"grey60",1.5,1,0
"543","#d62728","dashed",238.455696202532,0.414914554943313,0.398216775883303,0.431612334003323,0.00667921293139695,FALSE,"1",7,"grey60",1.5,1,0
"544","#d62728","dashed",242.075949367089,0.415110152862867,0.398482027662632,0.431738278063102,0.00665135096488881,FALSE,"1",7,"grey60",1.5,1,0
"545","#d62728","dashed",245.696202531646,0.415288706485212,0.398742134149033,0.431835278821391,0.00661872932447573,FALSE,"1",7,"grey60",1.5,1,0
"546","#d62728","dashed",249.316455696203,0.415451718309233,0.398991729404331,0.431911707214135,0.00658409542665293,FALSE,"1",7,"grey60",1.5,1,0
"547","#d62728","dashed",252.936708860759,0.415596815365555,0.399205815225199,0.431987815505911,0.00655649950227151,FALSE,"1",7,"grey60",1.5,1,0
"548","#d62728","dashed",256.556962025316,0.415717234738801,0.399340589667989,0.432093879809613,0.00655075738736012,FALSE,"1",7,"grey60",1.5,1,0
"549","#d62728","dashed",260.177215189873,0.415813229350652,0.399379135502259,0.432247323199046,0.00657373724694125,FALSE,"1",7,"grey60",1.5,1,0
"550","#d62728","dashed",263.79746835443,0.415885255868466,0.39930471425591,0.432465797481023,0.00663231724112233,FALSE,"1",7,"grey60",1.5,1,0
"551","#d62728","dashed",267.417721518987,0.415933770959599,0.399100705125573,0.432766836793624,0.00673332846180401,FALSE,"1",7,"grey60",1.5,1,0
"552","#d62728","dashed",271.037974683544,0.415959231291406,0.398751462732045,0.433166999850767,0.00688321182530382,FALSE,"1",7,"grey60",1.5,1,0
"553","#d62728","dashed",274.658227848101,0.415962093531245,0.398243169644205,0.433681017418285,0.00708767705761501,FALSE,"1",7,"grey60",1.5,1,0
"554","#d62728","dashed",278.278481012658,0.415942814346472,0.397564531898177,0.434321096794767,0.0073514244825232,FALSE,"1",7,"grey60",1.5,1,0
"555","#d62728","dashed",281.898734177215,0.415901850404443,0.396707187738391,0.435096513070495,0.00767798152270102,FALSE,"1",7,"grey60",1.5,1,0
"556","#d62728","dashed",285.518987341772,0.415839658372515,0.395665768121286,0.436013548623743,0.00806967849786067,FALSE,"1",7,"grey60",1.5,1,0
"557","#d62728","dashed",289.139240506329,0.415756694918043,0.394437634634874,0.437075755201212,0.00852775345851845,FALSE,"1",7,"grey60",1.5,1,0
"558","#d62728","dashed",292.759493670886,0.415653416708385,0.3930223896638,0.438284443752971,0.00905254812294191,FALSE,"1",7,"grey60",1.5,1,0
"559","#d62728","dashed",296.379746835443,0.415530280410897,0.391421281554732,0.439639279267062,0.0096437458146028,FALSE,"1",7,"grey60",1.5,1,0
"560","#d62728","dashed",300,0.415387742692934,0.38963661472367,0.441138870662199,0.0103006074228334,FALSE,"1",7,"grey60",1.5,1,0
"561","#d62728","solid",14,0.0742916816166336,0.0416891612248903,0.106894202008377,0.0130412059600301,FALSE,"1",8,"grey60",1.5,1,0
"562","#d62728","solid",17.620253164557,0.0822534316848816,0.0533234240848087,0.111183439284954,0.0115721785617941,FALSE,"1",8,"grey60",1.5,1,0
"563","#d62728","solid",21.2405063291139,0.0900129954922716,0.0641683265891781,0.115857664395365,0.010338024363889,FALSE,"1",8,"grey60",1.5,1,0
"564","#d62728","solid",24.8607594936709,0.0975737283092689,0.0741754109304748,0.120972045688063,0.00935946891186621,FALSE,"1",8,"grey60",1.5,1,0
"565","#d62728","solid",28.4810126582278,0.104938985406339,0.0833245696083136,0.126553401204364,0.00864589745641754,FALSE,"1",8,"grey60",1.5,1,0
"566","#d62728","solid",32.1012658227848,0.112113299381282,0.0916465971946842,0.132580001567879,0.00818680504853279,FALSE,"1",8,"grey60",1.5,1,0
"567","#d62728","solid",35.7215189873418,0.119099344809071,0.0992286604606771,0.138970029157465,0.00794839429714089,FALSE,"1",8,"grey60",1.5,1,0
"568","#d62728","solid",39.3417721518987,0.125887387431754,0.106166934105801,0.145607840757706,0.00788830097669515,FALSE,"1",8,"grey60",1.5,1,0
"569","#d62728","solid",42.9620253164557,0.132466663482068,0.112559132322449,0.152374194641686,0.00796313324518456,FALSE,"1",8,"grey60",1.5,1,0
"570","#d62728","solid",46.5822784810127,0.138826409192751,0.118493634606807,0.159159183778696,0.00813323319571695,FALSE,"1",8,"grey60",1.5,1,0
"571","#d62728","solid",50.2025316455696,0.14495592294173,0.124042319775457,0.165869526108004,0.0083655681518042,FALSE,"1",8,"grey60",1.5,1,0
"572","#d62728","solid",53.8227848101266,0.150867423522604,0.129382717959284,0.172352129085925,0.00859401257556826,FALSE,"1",8,"grey60",1.5,1,0
"573","#d62728","solid",57.4430379746835,0.156572557720491,0.134620028766278,0.178525086674703,0.00878114477026484,FALSE,"1",8,"grey60",1.5,1,0
"574","#d62728","solid",61.0632911392405,0.162066097836591,0.139722721888609,0.184409473784573,0.00893748593908744,FALSE,"1",8,"grey60",1.5,1,0
"575","#d62728","solid",64.6835443037975,0.167342816172106,0.144658962410737,0.190026669933475,0.00907367913016115,FALSE,"1",8,"grey60",1.5,1,0
"576","#d62728","solid",68.3037974683544,0.172397485028238,0.149411437023719,0.195383533032756,0.00919455866086922,FALSE,"1",8,"grey60",1.5,1,0
"577","#d62728","solid",71.9240506329114,0.177220633030461,0.154033266525658,0.200407999535265,0.00927508728240616,FALSE,"1",8,"grey60",1.5,1,0
"578","#d62728","solid",75.5443037974684,0.181793326893068,0.158740886173129,0.204845767613006,0.00922111614984945,FALSE,"1",8,"grey60",1.5,1,0
"579","#d62728","solid",79.1645569620253,0.18612873116268,0.163349327671675,0.208908134653684,0.00911189960172696,FALSE,"1",8,"grey60",1.5,1,0
"580","#d62728","solid",82.7848101265823,0.190244132213328,0.167627521765611,0.212860742661046,0.00904678139672752,FALSE,"1",8,"grey60",1.5,1,0
"581","#d62728","solid",86.4050632911392,0.194156816419045,0.171428545991546,0.216885086846544,0.00909144606609434,FALSE,"1",8,"grey60",1.5,1,0
"582","#d62728","solid",90.0253164556962,0.197884070153862,0.174748357559811,0.221019782747913,0.00925442540471476,FALSE,"1",8,"grey60",1.5,1,0
"583","#d62728","solid",93.6455696202532,0.201443179791809,0.177733504060167,0.225152855523452,0.00948401414205326,FALSE,"1",8,"grey60",1.5,1,0
"584","#d62728","solid",97.2658227848101,0.204851431706919,0.180634852407552,0.229068011006287,0.00968677864458708,FALSE,"1",8,"grey60",1.5,1,0
"585","#d62728","solid",100.886075949367,0.208108896302231,0.183714524640808,0.232503267963654,0.00975789666809654,FALSE,"1",8,"grey60",1.5,1,0
"586","#d62728","solid",104.506329113924,0.210884757110809,0.186636000851662,0.235133513369955,0.00969964962371993,FALSE,"1",8,"grey60",1.5,1,0
"587","#d62728","solid",108.126582278481,0.21319193222657,0.18911044130175,0.237273423151389,0.00963274247517064,FALSE,"1",8,"grey60",1.5,1,0
"588","#d62728","solid",111.746835443038,0.215224025668238,0.191130467963307,0.23931758337317,0.00963756926042612,FALSE,"1",8,"grey60",1.5,1,0
"589","#d62728","solid",115.367088607595,0.217174641454539,0.192909647869196,0.241439635039882,0.00970614465271234,FALSE,"1",8,"grey60",1.5,1,0
"590","#d62728","solid",118.987341772152,0.219237383604196,0.194875448530602,0.24359931867779,0.00974492183616829,FALSE,"1",8,"grey60",1.5,1,0
"591","#d62728","solid",122.607594936709,0.221346361434981,0.197236481451516,0.245456241418445,0.00964409827086859,FALSE,"1",8,"grey60",1.5,1,0
"592","#d62728","solid",126.227848101266,0.222974330701375,0.199364202003578,0.246584459399172,0.00944419472455174,FALSE,"1",8,"grey60",1.5,1,0
"593","#d62728","solid",129.848101265823,0.224237501619607,0.201112691593148,0.247362311646066,0.00925006431153087,FALSE,"1",8,"grey60",1.5,1,0
"594","#d62728","solid",133.46835443038,0.225290714690408,0.20242155617602,0.248159873204796,0.00914780215563459,FALSE,"1",8,"grey60",1.5,1,0
"595","#d62728","solid",137.088607594937,0.226288810414509,0.203349353253232,0.249228267575786,0.00917592204090031,FALSE,"1",8,"grey60",1.5,1,0
"596","#d62728","solid",140.708860759494,0.227386629292643,0.204110931120045,0.250662327465241,0.00931042048544249,FALSE,"1",8,"grey60",1.5,1,0
"597","#d62728","solid",144.329113924051,0.22873901182554,0.205055791783506,0.252422231867575,0.00947343170570037,FALSE,"1",8,"grey60",1.5,1,0
"598","#d62728","solid",147.949367088608,0.230500798513933,0.2066017114316,0.254399885596266,0.00955977983151067,FALSE,"1",8,"grey60",1.5,1,0
"599","#d62728","solid",151.569620253165,0.232826321499818,0.209166963947452,0.256485679052184,0.00946388656505654,FALSE,"1",8,"grey60",1.5,1,0
"600","#d62728","solid",155.189873417722,0.235716101262181,0.212781049473524,0.258651153050839,0.00917415986512476,FALSE,"1",8,"grey60",1.5,1,0
"601","#d62728","solid",158.810126582278,0.238908802427622,0.216679981145479,0.261137623709764,0.00889166337773505,FALSE,"1",8,"grey60",1.5,1,0
"602","#d62728","solid",162.430379746835,0.242120494224126,0.220201381620071,0.264039606828182,0.00876777802746101,FALSE,"1",8,"grey60",1.5,1,0
"603","#d62728","solid",166.050632911392,0.245067245879683,0.22304400129255,0.267090490466815,0.00880943145247289,FALSE,"1",8,"grey60",1.5,1,0
"604","#d62728","solid",169.670886075949,0.247465126622278,0.225224560960159,0.269705692284398,0.00889636120098022,FALSE,"1",8,"grey60",1.5,1,0
"605","#d62728","solid",173.291139240506,0.249441788741565,0.2271450291249,0.271738548358231,0.00891883912373402,FALSE,"1",8,"grey60",1.5,1,0
"606","#d62728","solid",176.911392405063,0.251449505971492,0.229194956145593,0.27370405579739,0.00890195495133537,FALSE,"1",8,"grey60",1.5,1,0
"607","#d62728","solid",180.53164556962,0.253464716164389,0.231245016436406,0.275684415892371,0.00888801470072941,FALSE,"1",8,"grey60",1.5,1,0
"608","#d62728","solid",184.151898734177,0.2554600947941,0.233188379979571,0.277731809608629,0.00890882105092964,FALSE,"1",8,"grey60",1.5,1,0
"609","#d62728","solid",187.772151898734,0.25740831733447,0.234962841152458,0.279853793516483,0.00897832665215377,FALSE,"1",8,"grey60",1.5,1,0
"610","#d62728","solid",191.392405063291,0.259282059259343,0.236558609603701,0.282005508914985,0.00908951772810345,FALSE,"1",8,"grey60",1.5,1,0
"611","#d62728","solid",195.012658227848,0.261053996042563,0.238012799098004,0.284095192987121,0.00921661857148015,FALSE,"1",8,"grey60",1.5,1,0
"612","#d62728","solid",198.632911392405,0.262696803157973,0.239392730424998,0.286000875890948,0.00932177048174515,FALSE,"1",8,"grey60",1.5,1,0
"613","#d62728","solid",202.253164556962,0.264206845194839,0.240761766139542,0.287651924250135,0.00937817386617568,FALSE,"1",8,"grey60",1.5,1,0
"614","#d62728","solid",205.873417721519,0.265658348799345,0.24211289663464,0.28920380096405,0.00941832371891469,FALSE,"1",8,"grey60",1.5,1,0
"615","#d62728","solid",209.493670886076,0.267058632559959,0.243437455913614,0.290679809206304,0.00944861397099998,FALSE,"1",8,"grey60",1.5,1,0
"616","#d62728","solid",213.113924050633,0.268406925344404,0.244730415850158,0.29208343483865,0.00947074744587128,FALSE,"1",8,"grey60",1.5,1,0
"617","#d62728","solid",216.73417721519,0.269702456020401,0.245988218873057,0.293416693167746,0.00948583873600894,FALSE,"1",8,"grey60",1.5,1,0
"618","#d62728","solid",220.354430379747,0.270944453455675,0.247208845779195,0.294680061132155,0.00949438707732045,FALSE,"1",8,"grey60",1.5,1,0
"619","#d62728","solid",223.974683544304,0.272132146517947,0.248391700048653,0.29587259298724,0.00949632262380348,FALSE,"1",8,"grey60",1.5,1,0
"620","#d62728","solid",227.594936708861,0.27326476407494,0.249537306179246,0.296992221970634,0.0094911271155606,FALSE,"1",8,"grey60",1.5,1,0
"621","#d62728","solid",231.215189873418,0.274341534994377,0.250646818690156,0.298036251298599,0.00947803028032433,FALSE,"1",8,"grey60",1.5,1,0
"622","#d62728","solid",234.835443037975,0.275361688143982,0.251721335625472,0.299002040662491,0.00945628443620795,FALSE,"1",8,"grey60",1.5,1,0
"623","#d62728","solid",238.455696202532,0.276324452391475,0.252761004709704,0.299887900073247,0.0094255220349222,FALSE,"1",8,"grey60",1.5,1,0
"624","#d62728","solid",242.075949367089,0.277229056604581,0.253763902538669,0.300694210670492,0.00938620399221925,FALSE,"1",8,"grey60",1.5,1,0
"625","#d62728","solid",245.696202531646,0.278074729651022,0.254724660749345,0.301424798552699,0.00934016922829019,FALSE,"1",8,"grey60",1.5,1,0
"626","#d62728","solid",249.316455696203,0.27886070039852,0.25563281565952,0.30208858513752,0.00929129482191373,FALSE,"1",8,"grey60",1.5,1,0
"627","#d62728","solid",252.936708860759,0.279586792261951,0.256456262574671,0.30271732194923,0.00925235221056076,FALSE,"1",8,"grey60",1.5,1,0
"628","#d62728","solid",256.556962025316,0.28025401276934,0.257143740562349,0.303364284976331,0.00924424909554103,FALSE,"1",8,"grey60",1.5,1,0
"629","#d62728","solid",260.177215189873,0.280862710919838,0.257671368574114,0.304054053265562,0.00927667764289625,FALSE,"1",8,"grey60",1.5,1,0
"630","#d62728","solid",263.79746835443,0.281413210004701,0.258015204592196,0.304811215417206,0.00935934412345773,FALSE,"1",8,"grey60",1.5,1,0
"631","#d62728","solid",267.417721518987,0.281905833315189,0.258151472649714,0.305660193980663,0.00950188838669482,FALSE,"1",8,"grey60",1.5,1,0
"632","#d62728","solid",271.037974683544,0.282340904142559,0.258057773271603,0.306624035013516,0.00971339967699893,FALSE,"1",8,"grey60",1.5,1,0
"633","#d62728","solid",274.658227848101,0.282718745778072,0.25771428653298,0.307723205023163,0.0100019354030372,FALSE,"1",8,"grey60",1.5,1,0
"634","#d62728","solid",278.278481012658,0.283039681512984,0.257104753556705,0.308974609469264,0.0103741285327756,FALSE,"1",8,"grey60",1.5,1,0
"635","#d62728","solid",281.898734177215,0.283304034638555,0.256217053317549,0.310391015959562,0.0108349568683099,FALSE,"1",8,"grey60",1.5,1,0
"636","#d62728","solid",285.518987341772,0.283512128446043,0.255043288023361,0.311980968868726,0.0113877088928823,FALSE,"1",8,"grey60",1.5,1,0
"637","#d62728","solid",289.139240506329,0.283664286226707,0.253579413274346,0.313749159179068,0.0120341317094136,FALSE,"1",8,"grey60",1.5,1,0
"638","#d62728","solid",292.759493670886,0.283760831271805,0.251824546821438,0.315697115722171,0.0127747075413475,FALSE,"1",8,"grey60",1.5,1,0
"639","#d62728","solid",296.379746835443,0.283802086872595,0.249780129152021,0.317824044593169,0.0136089895034558,FALSE,"1",8,"grey60",1.5,1,0
"640","#d62728","solid",300,0.283788376320336,0.247449091049543,0.320127661591129,0.0145359345830428,FALSE,"1",8,"grey60",1.5,1,0
